NomMus;Imagen;Sexo;DiaNac;MesNac;AnioNac;DiaDef;MesDef;AnioDef;Pais;Origen;Visitas
"Aaron Aedy";https://www.metal-archives.com/images/2/5/6/6/2566_artist.jpg?2411;Hombre;19;12;1969;;;;"Reino Unido";"Bridlington, East Yorkshire, England";0
Abaddon;https://www.metal-archives.com/images/4/7/1/5/4715_artist.jpg?2837;Hombre;17;9;1960;;;;"Reino Unido";"Jarrow, Tyne and Wear, England";0
"Adam Duce";https://www.metal-archives.com/images/2/5/9/5/25958_artist.jpg?073;Hombre;14;4;1972;;;;"Estados Unidos";"Walnut Creek, California";0
"Adrian Erlandsson";https://www.metal-archives.com/images/7/5/5/755_artist.jpg?4827;Hombre;27;10;1970;;;;Suecia;"Malmö, Skåne";0
"Adrian Smith";https://www.metal-archives.com/images/1/0/7/107_artist.jpg?2250;Hombre;27;2;1957;;;;"Reino Unido";"Hackney, London, England";0
"Ahrue Luster";https://www.metal-archives.com/images/2/5/9/4/25947_artist.jpg?141;Hombre;17;9;1968;;;;"Estados Unidos";"Chicago, Illinois";1
"Alain Ackermann";https://www.metal-archives.com/images/4/1/6/8/416859_artist.jpg?1337;Hombre;23;7;1994;;;;Suiza;Basel;0
"Alan ""Skip"" Moore";https://www.metal-archives.com/images/3/6/7/5/3675_artist.jpg?2121;Hombre;1;1;1950;;;;"Reino Unido";"Birmingham, West Midlands, England";0
"Alessandro Lotta";https://www.metal-archives.com/images/2/0/1/9/2019_artist.jpg?2959;Hombre;26;3;1975;;;;Italia;"Trieste, Friuli-Venezia Giulia";0
"Alex Holzwarth";https://www.metal-archives.com/images/2/0/0/5/2005_artist.jpg?2709;Hombre;4;10;1968;;;;Alemania;"Landshut, Bavaria";0
"Alex Perialas";https://www.metal-archives.com/images/1/4/7/0/14707_artist.jpg?2413;Hombre;;;;;;;"Estados Unidos";;0
"Alex Skolnick";https://www.metal-archives.com/images/7/6/7/767_artist.jpg?0349;Hombre;29;9;1968;;;;"Estados Unidos";"Berkeley, California";0
"Alex Staropoli";https://www.metal-archives.com/images/2/0/0/3/2003_artist.jpg?3807;Hombre;9;1;1970;;;;Italia;"Trieste, Friuli-Venezia Giulia";0
"Alexander Kuoppala";https://www.metal-archives.com/images/5/0/9/8/5098_artist.jpg?5347;Hombre;11;4;1974;;;;Finlandia;"Espoo, Uusimaa";1
"Alexi Laiho";https://www.metal-archives.com/images/2/0/0/9/2009_artist.jpg?5830;Hombre;8;4;1979;29;12;2020;Finlandia;"Espoo, Uusimaa";0
"Alissa White-Gluz";https://www.metal-archives.com/images/7/6/5/765_artist.jpg?3924;Mujer;31;7;1985;;;;Canadá;"Montréal, Quebec";2
"Allen B. Konstanz";https://www.metal-archives.com/images/2/3/2/5/2325_artist.jpg?5024;Hombre;;;1975;;;;Alemania;;0
"Anders Fridén";https://www.metal-archives.com/images/6/2/2/4/6224_artist.jpg?1430;Hombre;25;3;1973;;;;Suecia;"Gothenburg, Västra Götaland";0
"Anders Iwers";https://www.metal-archives.com/images/1/1/0/3/11034_artist.jpg?4205;Hombre;6;10;1972;;;;Suecia;"Gothenburg, Västra Götaland";0
"Anders Jivarp";https://www.metal-archives.com/images/4/0/6/7/4067_artist.jpg?4508;Hombre;18;7;1973;;;;Suecia;;0
"Anders Lagerfors";;Hombre;;;;;;;Suecia;;0
"Anders Nordin";https://www.metal-archives.com/images/2/1/2/212_artist.jpg?4306;Hombre;24;10;1974;;;;Brasil;;0
"Andi Deris";https://www.metal-archives.com/images/3/3/9/5/3395_artist.png?0513;Hombre;18;8;1964;;;;Alemania;"Karlsruhe, Baden-Württemberg";0
"André Olbrich";https://www.metal-archives.com/images/7/3/2/732_artist.jpg?4014;Hombre;3;5;1967;;;;Alemania;"Dusseldorf, North Rhine-Westphalia";0
"Andreas Johansson";;Hombre;;;;;;;Suecia;;0
"Andreas Kisser";https://www.metal-archives.com/images/4/4/4/7/4447_artist.jpg?2651;Hombre;24;8;1968;;;;Brasil;"São Bernardo do Campo, São Paulo";1
"Andrew Murdock";;Hombre;24;1;1962;;;;"Estados Unidos";"Providence, Rhode Island";0
"Andy LaRocque";https://www.metal-archives.com/images/3/2/3/323_artist.jpg?0635;Hombre;29;11;1962;;;;Suecia;"Gothenburg, Västra Götaland";0
"Andy Sneap";https://www.metal-archives.com/images/1/4/5/4/1454_artist.jpg?4629;Hombre;18;7;1969;;;;"Reino Unido";"Belper, Derbyshire, England";0
"Andy Wallace";https://www.metal-archives.com/images/5/9/7/4/59744_artist.jpg?351;Hombre;;;1947;;;;"Estados Unidos";;0
"Anette Olzon";https://www.metal-archives.com/images/2/0/1/3/2013_artist.png?0131;Mujer;21;6;1971;;;;Suecia;"Katrineholm, Södermanland";0
"Angela Gossow";https://www.metal-archives.com/images/1/9/9/2/1992_artist.jpg?0046;Mujer;5;11;1974;;;;Alemania;"Cologne, North Rhine-Westphalia";1
"Anna Murphy";https://www.metal-archives.com/images/8/4/6/5/8465_artist.jpg?5253;Mujer;10;8;1989;;;;Suiza;"Lucerne, Lucerne";0
"Anssi Kippo";https://www.metal-archives.com/images/4/0/8/6/40861_artist.jpg?5412;Hombre;4;9;1976;;;;Finlandia;"Lappeenranta, Etelä-Karjala";1
"Arin Ilejay";https://upload.wikimedia.org/wikipedia/commons/b/b9/Arin.1280.jpg;Hombre;17;2;1988;;;;"Estados Unidos";Ventura;0
"Arkadiusz Malczewski";https://www.metal-archives.com/images/6/0/3/6/60366_artist.jpg?320;Hombre;8;12;1975;;;;Polonia;;0
"Arto Tuunela";;Hombre;;;;;;;Finlandia;;0
"Ashley ";;Hombre;;;;;;;"Reino Unido";;0
"Benjamin Ryan";https://www.metal-archives.com/images/1/7/7/3/1773_artist.jpg?0245;Hombre;;;1976;;;;"Reino Unido";;0
"Big Simon";https://www.metal-archives.com/images/9/4/6/9/94693_artist.jpg?520;Hombre;9;7;1972;31;7;2006;Chile;Santiago;0
"Bill Andrews";https://www.metal-archives.com/images/1/0/8/9/10891_artist.jpg?1111;Hombre;;;1967;;;;"Estados Unidos";;0
"Bill Kennedy";https://www.metal-archives.com/images/2/9/7/8/29784_artist.jpg?1601;Hombre;;;1963;12;8;2012;Canadá;"Edmonton, Alberta";0
"Bill Metoyer";https://www.metal-archives.com/images/1/4/1/9/14195_artist.jpg?5057;Hombre;23;3;1960;;;;"Estados Unidos";"Los Angeles, California";0
"Bill Steer";https://www.metal-archives.com/images/4/9/0/490_artist.jpg?2435;Hombre;3;12;1969;;;;"Reino Unido";"Stockton-on-Tees, Durham, England";0
"Bill Ward";https://www.metal-archives.com/images/2/2/3/9/2239_artist.jpg?5501;Hombre;5;5;1948;;;;"Reino Unido";"Birmingham, West Midlands, England";2
"Billy Sherwood";https://www.metal-archives.com/images/3/9/4/8/394825_artist.jpg?2229;Hombre;14;3;1965;;;;"Estados Unidos";"Las Vegas, Nevada";0
"Björn Gelotte";https://www.metal-archives.com/images/6/2/3/0/6230_artist.jpg?4923;Hombre;27;8;1975;;;;Suecia;"Gothenburg, Västra Götaland";1
"Blackie Lawless";https://www.metal-archives.com/images/7/9/8/1/7981_artist.jpg?1048;Hombre;4;9;1956;;;;"Estados Unidos";"Staten Island, New York";0
"Bob Daisley";https://www.metal-archives.com/images/8/4/7/3/8473_artist.jpg?0522;Hombre;13;2;1950;;;;Australia;"Sydney, New South Wales";0
"Bob Feineigle";;Hombre;;;;;;;"Estados Unidos";;0
"Bob Rock";https://www.metal-archives.com/images/3/8/5/2/38527_artist.jpg?570;Hombre;19;4;1954;;;;Canadá;"Winnipeg, Manitoba";0
"Bobby Koelble";https://www.metal-archives.com/images/7/2/7/1/72714_artist.jpg?2537;Hombre;15;9;1968;;;;"Estados Unidos";"Orlando, Florida";0
"Börje Forsberg";https://www.metal-archives.com/images/1/5/7/7/15771_artist.jpg?5029;Hombre;22;6;1944;14;9;2017;Suecia;;0
"Brian Robertson";https://www.metal-archives.com/images/2/2/5/9/2259_artist.jpg?3313;Hombre;12;2;1956;;;;"Reino Unido";"Clarkston, East Renfrewshire, Scotland";0
"Brian Slagel";https://www.metal-archives.com/images/4/3/0/8/43080_artist.jpg?5709;Hombre;14;2;1961;;;;"Estados Unidos";"Woodland Hills, California";0
"Bruce Dickinson";https://www.metal-archives.com/images/3/0/30_artist.jpg?4903;Hombre;7;8;1958;;;;"Reino Unido";"Worksop, Nottinghamshire, England";0
"Brynjard Tristan";https://www.metal-archives.com/images/9/8/6/8/9868_artist.jpg?3517;Hombre;14;6;1976;;;;Noruega;;1
"Burton C. Bell";https://www.metal-archives.com/images/6/9/8/698_artist.jpg?2553;Hombre;19;2;1969;;;;"Estados Unidos";"Houston, Texas";0
"Byron Stroud";https://www.metal-archives.com/images/6/8/3/683_artist.jpg?2452;Hombre;12;2;1969;;;;Canadá;"New Westminster, British Columbia";0
"Cameron Webb";https://www.metal-archives.com/images/1/0/6/1/106106_artist.jpg?5932;Hombre;;;;;;;"Estados Unidos";;0
"Carl Canedy";https://www.metal-archives.com/images/9/4/9/6/9496_artist.jpg?1503;Hombre;27;1;1953;;;;"Estados Unidos";;0
"Carl Näslund";https://www.metal-archives.com/images/6/5/1/1/6511_artist.jpg?3700;Hombre;;;;;;;Suecia;;0
Carlitos;https://www.metal-archives.com/images/6/0/8/2/60820_artist.jpg?0913;Hombre;5;10;1965;;;;España;Madrid;0
"Charles Hedger";https://www.metal-archives.com/images/1/7/3/9/1739_artist.jpg?4924;Hombre;18;9;1980;;;;"Reino Unido";;0
"Charlie Bauerfeind";https://www.metal-archives.com/images/5/4/4/1/54418_artist.jpeg?0016;Hombre;30;5;1963;;;;Alemania;"Erlangen, Bavaria";0
"Charlie Benante";https://www.metal-archives.com/images/5/9/5/6/5956_artist.jpg?3431;Hombre;27;11;1962;;;;"Estados Unidos";"Bronx, New York City, New York";0
"Chrigel Glanzmann";https://www.metal-archives.com/images/8/4/6/0/8460_artist.jpg?2137;Hombre;26;5;1975;;;;Suiza;Basel;0
"Chris Holmes";https://www.metal-archives.com/images/7/9/8/0/7980_artist.jpg?5043;Hombre;23;6;1958;;;;"Estados Unidos";"Glendale, California";0
"Chris Kontos";https://www.metal-archives.com/images/8/3/6/836_artist.jpg?1554;Hombre;25;6;1968;;;;"Estados Unidos";"New York City, New York";1
"Chris Poland";https://www.metal-archives.com/images/2/7/1/6/2716_artist.jpg?3241;Hombre;1;12;1957;;;;"Estados Unidos";"Dunkirk, New York";0
"Chris Reifert";https://www.metal-archives.com/images/9/3/3/0/9330_artist.jpg?2427;Hombre;23;2;1969;;;;"Estados Unidos";California;0
"Chris Rörland";https://www.metal-archives.com/images/1/5/5/5/15555_artist.jpg?5006;Hombre;27;12;1986;;;;Suecia;"Falun, Dalarna";0
"Chris Tsangarides";https://www.metal-archives.com/images/1/9/4/9/19496_artist.jpg?1712;Hombre;17;8;1956;7;1;2018;"Reino Unido";;0
"Christian Giesler";https://www.metal-archives.com/images/3/7/8/0/3780_artist.jpg?4929;Hombre;4;7;1970;;;;Alemania;;0
"Christian Olde Wolbers";https://www.metal-archives.com/images/7/2/5/725_artist.jpg?3947;Hombre;5;8;1973;;;;Bélgica;Antwerp;0
"Christine Stephan";;Mujer;;;;;;;Alemania;;0
"Christopher Amott";https://www.metal-archives.com/images/2/0/0/8/2008_artist.jpg?3343;Hombre;23;11;1977;;;;Suecia;"Halmstad, Halland";0
"Chuck Behler";https://www.metal-archives.com/images/2/7/7/4/2774_artist.jpg?4450;Hombre;13;6;1965;;;;"Estados Unidos";"Livonia, Michigan";0
"Chuck Billy";https://www.metal-archives.com/images/7/6/2/762_artist.jpg?5945;Hombre;23;6;1962;;;;"Estados Unidos";"Dublin, California";0
"Chuck Schuldiner";https://www.metal-archives.com/images/3/0/1/2/3012_artist.jpg?4208;Hombre;13;5;1967;13;12;2001;"Estados Unidos";"Glen Cove, New York";1
"Claude Schnell";https://www.metal-archives.com/images/8/0/4/2/8042_artist.jpg?5236;Hombre;27;5;1958;;;;"Estados Unidos";"Brooklyn, New York City, New York";0
"Cliff Burton";https://www.metal-archives.com/images/1/9/4/194_artist.jpg?0231;Hombre;10;2;1962;27;9;1986;"Estados Unidos";"Castro Valley, California";0
"Clive Burr";https://www.metal-archives.com/images/1/3/9/139_artist.jpg?4804;Hombre;8;3;1957;12;3;2013;"Reino Unido";"East Ham, London, England";0
"Colin Richardson";https://www.metal-archives.com/images/1/4/6/8/14682_artist.jpg?081;Hombre;;;;;;;"Reino Unido";;0
"Craig Goldy";https://www.metal-archives.com/images/8/0/0/5/8005_artist.jpg?5223;Hombre;6;11;1961;;;;"Estados Unidos";"San Diego, California";0
Cronos;https://www.metal-archives.com/images/4/6/8/1/4681_artist.jpg?0629;Hombre;15;1;1963;;;;"Reino Unido";"Newcastle upon Tyne, Tyne and Wear, England";0
"Damien Gregori";https://www.metal-archives.com/images/1/7/7/6/1776_artist.jpeg?3702;Hombre;;;;;;;"Reino Unido";"Limavady, Londonderry, Northern Ireland";0
"Dan Johnson";;Hombre;;;;;;;"Estados Unidos";;0
"Dan Lilker";https://www.metal-archives.com/images/3/3/4/3/3343_artist.jpg?2343;Hombre;18;10;1964;;;;"Estados Unidos";"Bayside, New York";0
"Dan Spitz";https://www.metal-archives.com/images/5/9/8/7/5987_artist.jpg?1934;Hombre;28;1;1963;;;;"Estados Unidos";"Queens, New York";0
"Dan Swanö";https://www.metal-archives.com/images/4/3/3/433_artist.jpg?0418;Hombre;10;3;1973;;;;Suecia;"Finspång, Östergötland";0
"Dan Turner";https://www.metal-archives.com/images/6/9/4/8/69481_artist.jpg?2445;Hombre;;;1981;;;;"Reino Unido";;0
"Dani Filth";https://www.metal-archives.com/images/1/6/9/6/1696_artist.jpg?0029;Hombre;25;7;1973;;;;"Reino Unido";"Hertford, Hertfordshire, England";0
"Daniel Bergstrand";https://www.metal-archives.com/images/3/3/5/7/33574_artist.jpg?4419;Hombre;;;;;;;Suecia;;0
"Daniel Erlandsson";https://www.metal-archives.com/images/2/8/8/2/2882_artist.jpg?1415;Hombre;22;5;1976;;;;Suecia;"Malmö, Skåne";0
"Daniel Gibson";;Hombre;27;10;1979;;;;Suecia;;0
"Daniel Mullback";https://www.metal-archives.com/images/2/9/6/8/2968_artist.jpg?0301;Hombre;14;10;1982;;;;Suecia;"Falun, Dalarna";0
"Daniel Mÿhr";https://www.metal-archives.com/images/2/9/6/1/2961_artist.jpg?5711;Hombre;9;9;1980;;;;Suecia;"Borlänge, Dalarna";0
"Daniel Svensson";https://www.metal-archives.com/images/6/2/4/1/6241_artist.jpg?1642;Hombre;20;11;1977;;;;Suecia;"Gothenburg, Västra Götaland";0
"Daniel Wilding";https://www.metal-archives.com/images/9/7/3/7/9737_artist.jpg?3211;Hombre;22;1;1989;;;;"Reino Unido";"Chichester, West Sussex, England";0
"Daniele Carbonera";https://www.metal-archives.com/images/2/0/2/4/2024_artist.jpg?2302;Hombre;10;9;1972;;;;Italia;"Trieste, Friuli-Venezia Giulia";0
"Dann Huff";https://www.metal-archives.com/images/3/9/2/0/39203_artist.jpeg?5848;Hombre;15;11;1960;;;;"Estados Unidos";"Nashville, Tennessee";0
"Dave Holland";https://www.metal-archives.com/images/3/7/2/0/3720_artist.jpg?2943;Hombre;5;4;1948;16;1;2018;"Reino Unido";"Wolverhampton, West Midlands, England";0
"Dave Jerden";https://www.metal-archives.com/images/7/8/3/5/78357_artist.jpg?0739;Hombre;25;7;1949;;;;"Estados Unidos";;0
"Dave Lombardo";https://www.metal-archives.com/images/2/7/0/270_artist.jpg?0339;Hombre;16;2;1965;;;;Cuba;Havana;1
"Dave McClain";https://www.metal-archives.com/images/2/5/9/5/25956_artist.jpg?023;Hombre;24;10;1965;;;;Alemania;"Frankfurt, Hesse";0
"Dave Murray";https://www.metal-archives.com/images/1/0/9/109_artist.jpg?3030;Hombre;23;12;1956;;;;"Reino Unido";"Edmonton, London, England";0
"Dave Mustaine";https://www.metal-archives.com/images/1/8/4/184_artist.jpg?2917;Hombre;13;9;1961;;;;"Estados Unidos";"La Mesa, California";0
"Dave Pybus";https://www.metal-archives.com/images/1/7/1/0/1710_artist.jpg?0915;Hombre;4;6;1970;;;;"Reino Unido";"Heckmondwike, West Yorkshire, England";1
"Dave Sabo";https://www.metal-archives.com/images/6/8/6/7/68670_artist.jpg?0623;Hombre;16;9;1964;;;;"Estados Unidos";"Perth Amboy, New Jersey";0
"Dave Tarling";;Hombre;;;;;;;"Estados Unidos";;0
"David Ellefson";https://www.metal-archives.com/images/2/1/8/218_artist.jpg?1503;Hombre;12;11;1964;;;;"Estados Unidos";"Jackson, Minnesota";0
"David Pigg";;Hombre;;;;;;;"Estados Unidos";;0
"David Prater";;Hombre;;;;;;;"Estados Unidos";;0
"David Vincent";https://www.metal-archives.com/images/5/5_artist.jpg?5751;Hombre;22;4;1965;;;;"Estados Unidos";"Charlotte, North Carolina";0
"Deen Castronovo";https://www.metal-archives.com/images/1/0/9/0/10909_artist.jpg?1703;Hombre;17;8;1964;;;;"Estados Unidos";"Westminster, California";0
"Dennis McKay";;Hombre;;;;;;;"Reino Unido";;0
"Dennis Stratton";https://www.metal-archives.com/images/4/1/8/2/4182_artist.jpg?3147;Hombre;9;10;1952;;;;"Reino Unido";"London, England";0
"Dick Lövgren";https://www.metal-archives.com/images/7/2/9/9/7299_artist.jpg?5615;Hombre;11;11;1980;;;;Suecia;"Varberg, Halland";0
"Dieter Dierks";https://www.metal-archives.com/images/3/2/6/6/32668_artist.jpg?2152;Hombre;9;2;1943;;;;Alemania;"Pulheim, North Rhine-Westphalia";0
"Dimebag Darrell";https://www.metal-archives.com/images/5/7/4/8/5748_artist.jpg?4132;Hombre;20;8;1966;8;12;2004;"Estados Unidos";"Ennis, Texas";0
"Dino Cazares";https://www.metal-archives.com/images/7/0/1/701_artist.jpg?4537;Hombre;2;9;1966;;;;"Estados Unidos";"El Centro, California";0
"Dirk Steffens";https://www.metal-archives.com/images/5/6/7/5/56757_artist.jpg?0417;Hombre;20;5;1950;;;;Alemania;;0
"Dominic Steiner";https://www.metal-archives.com/images/1/7/0/3/17036_artist.jpg?5553;Hombre;;;;;;;Suiza;;0
"Don Airey";https://www.metal-archives.com/images/8/9/3/1/8931_artist.jpg?3848;Hombre;21;6;1948;;;;"Reino Unido";"Sunderland, Tyne and Wear, England";0
"Donnie Hamzik";https://www.metal-archives.com/images/8/4/5/5/8455_artist.jpg?2159;Hombre;18;10;1956;;;;"Estados Unidos";"Binghamton, New York";0
"Doug Blair";https://www.metal-archives.com/images/3/4/9/9/34991_artist.jpg?4305;Hombre;11;2;1963;;;;"Estados Unidos";"Manchester, Connecticut";0
"Doug Cook";https://www.metal-archives.com/images/1/3/0/1/130130_artist.jpg?0332;Hombre;;;;;;;"Estados Unidos";;0
"Drew Fulk";https://www.metal-archives.com/images/6/8/2/6/682646_artist.jpg?4746;Hombre;1;5;1987;;;;"Estados Unidos";"Kernersville, North Carolina";0
"Duane Baron";https://www.metal-archives.com/images/1/0/7/3/107365_artist.jpg?5612;Hombre;;;;;;;Canadá;"Winnipeg, Manitoba";0
"Eddie Kramer";https://www.metal-archives.com/images/1/0/6/4/106472_artist.jpg?59;Hombre;19;4;1942;;;;Sudáfrica;"Cape Town";0
"Emppu Vuorinen";https://www.metal-archives.com/images/2/3/0/2/2302_artist.jpg?0545;Hombre;24;6;1978;;;;Finlandia;"Kitee, Pohjois-Karjala";0
"Eric Adams";https://www.metal-archives.com/images/8/4/4/0/8440_artist.jpg?1100;Hombre;12;7;1954;;;;"Estados Unidos";"Auburn, New York";1
"Eric Peterson";https://www.metal-archives.com/images/7/6/6/766_artist.jpg?3348;Hombre;14;5;1964;;;;"Estados Unidos";"Berkeley, California";0
"Eric Rachel";https://www.metal-archives.com/images/5/3/7/5/53758_artist.jpg?4646;Hombre;31;3;1954;;;;"Estados Unidos";;0
"Erik Rutan";https://www.metal-archives.com/images/3/9/1/5/3915_artist.jpg?2622;Hombre;10;6;1971;;;;"Estados Unidos";"Jersey City, New Jersey";0
"Erol Unala";https://www.metal-archives.com/images/1/7/0/2/17027_artist.jpg?122;Hombre;;;;;;;Suiza;;0
"Esa Holopainen";https://www.metal-archives.com/images/2/0/1/2/2012_artist.jpg?0800;Hombre;1;10;1972;;;;Finlandia;;0
"Fabienne Erni";https://www.metal-archives.com/images/6/9/3/8/693855_artist.jpg?3730;Mujer;11;3;1993;;;;Suiza;;0
"Fabio Lione";https://www.metal-archives.com/images/1/9/9/9/1999_artist.jpg?0850;Hombre;9;10;1973;;;;Italia;"Pisa, Tuscany";0
"Fast Eddie Clarke";https://www.metal-archives.com/images/2/2/4/2/2242_artist.jpg?0647;Hombre;5;10;1950;10;1;2018;"Reino Unido";"Twickenham, London, England";0
"Fernando Ponce de León";https://www.metal-archives.com/images/5/1/2/5/51258_artist.jpg?143;Hombre;19;5;1965;;;;España;;0
"Flemming Rasmussen";https://www.metal-archives.com/images/1/1/2/8/11282_artist.jpg?2125;Hombre;1;1;1958;;;;Dinamarca;"Kastrup, Copenhagen, Kastrup";0
"Floor Jansen";https://www.metal-archives.com/images/3/7/6/7/3767_artist.jpg?3235;Mujer;21;2;1981;;;;"Países Bajos";"Goirle, North Brabant";1
"Franco Sesa";https://www.metal-archives.com/images/8/6/8/0/8680_artist.jpg?4739;Hombre;;;;;;;Suiza;;0
Frank;https://www.metal-archives.com/images/5/1/2/7/51270_artist.jpg?2813;Hombre;31;1;1970;;;;España;"Vallecas, Madrid";0
"Frank Bello";https://www.metal-archives.com/images/5/9/5/2/5952_artist.jpg?2054;Hombre;9;7;1965;;;;"Estados Unidos";"Bronx, New York City, New York";0
"Frank Blackfire";https://www.metal-archives.com/images/5/0/5/2/5052_artist.jpg?4441;Hombre;24;2;1966;;;;Alemania;"Essen, North Rhine-Westphalia";0
"Frank Rand";https://www.metal-archives.com/images/9/0/2/3/902301_artist.jpg?2856;Hombre;;;;;;;;;0
"Frankie Banali";https://www.metal-archives.com/images/3/8/8/1/38816_artist.jpg?2154;Hombre;14;11;1951;20;8;2020;"Estados Unidos";"New York City, New York";0
"Frederik Ehmke";https://www.metal-archives.com/images/7/3/9/739_artist.jpg?0638;Hombre;21;6;1978;;;;Alemania;"Malsch, Baden-Württemberg";0
"Fredrik Åkesson";https://www.metal-archives.com/images/1/5/0/150_artist.jpg?2208;Hombre;18;7;1972;;;;Suecia;Stockholm;0
"Fredrik Johansson";https://www.metal-archives.com/images/6/1/8/0/6180_artist.jpg?2827;Hombre;25;6;1974;25;1;2022;Suecia;"Gothenburg, Västra Götaland";0
"Fredrik Nordström";https://www.metal-archives.com/images/7/7/3/2/7732_artist.jpg?4758;Hombre;5;1;1967;;;;Suecia;"Gothenburg, Västra Götaland";0
"Fredrik Thordendal";https://www.metal-archives.com/images/7/2/8/6/7286_artist.jpg?5722;Hombre;11;2;1970;;;;Suecia;"Umeå, Västerbotten";0
Galder;https://www.metal-archives.com/images/9/2/8/9/9289_artist.jpg?1057;Hombre;18;10;1976;;;;Noruega;"Jessheim, Viken";0
"Gar Samuelson";https://www.metal-archives.com/images/2/7/7/2/2772_artist.jpg?1210;Hombre;18;2;1958;14;7;1999;"Estados Unidos";"Dunkirk, New York";0
"Gary Holt";https://www.metal-archives.com/images/2/9/2/5/2925_artist.jpg?4606;Hombre;4;5;1964;;;;"Estados Unidos";"Richmond, California";0
"Geezer Butler";https://www.metal-archives.com/images/2/2/2/5/2225_artist.jpg?0814;Hombre;17;7;1949;;;;"Reino Unido";"Birmingham, West Midlands, England";0
"Gene Hoglan";https://www.metal-archives.com/images/6/8/5/685_artist.jpeg?3711;Hombre;31;8;1967;;;;"Estados Unidos";"Dallas, Texas";0
"Gian Pyres";https://www.metal-archives.com/images/1/7/3/5/1735_artist.jpg?0041;Hombre;20;10;1973;;;;"Reino Unido";"London, England";0
"Glenn Ljungström";https://www.metal-archives.com/images/6/4/8/6/6486_artist.jpg?1032;Hombre;7;9;1974;;;;Suecia;"Gothenburg, Västra Götaland";0
"Glenn Tipton";https://www.metal-archives.com/images/3/5/5/3/3553_artist.jpg?0110;Hombre;25;10;1947;;;;"Reino Unido";"Birmingham, West Midlands, England";0
"Goyo Esteban";https://www.metal-archives.com/images/9/4/5/7/94570_artist.jpg?3256;Hombre;;;;;;;España;;0
"Greg Christian";https://www.metal-archives.com/images/7/6/9/769_artist.jpg?3108;Hombre;29;4;1966;;;;"Estados Unidos";"Pleasanton, California";0
"Greg Fidelman";https://www.metal-archives.com/images/5/9/6/7/59672_artist.jpg?1253;Hombre;4;9;1965;;;;"Estados Unidos";;0
"Greg Reely";https://www.metal-archives.com/images/1/1/1/7/111730_artist.jpg?1515;Hombre;;;;;;;Canadá;"Vancouver, British Columbia";0
"Gregor Mackintosh";https://www.metal-archives.com/images/2/5/5/9/2559_artist.jpg?1950;Hombre;20;6;1970;;;;"Reino Unido";;0
"Gustaf Hielm";https://www.metal-archives.com/images/1/1/5/2/1152_artist.jpg?5747;Hombre;26;2;1973;;;;Suecia;"Kungsör, Västmanland";0
"Hal Patino";https://www.metal-archives.com/images/3/3/4/334_artist.jpg?0606;Hombre;;;;;;;"Estados Unidos";"Las Vegas, Nevada";0
"Hannes Van Dahl";https://www.metal-archives.com/images/1/5/3/3/15332_artist.jpg?0133;Hombre;18;1;1990;;;;Suecia;;0
"Hansi Kürsch";https://www.metal-archives.com/images/6/7/3/673_artist.jpg?0740;Hombre;10;8;1966;;;;Alemania;"Meerbusch, North Rhine-Westphalia";0
"Harris Johns";https://www.metal-archives.com/images/2/1/3/6/21366_artist.jpg?344;Hombre;;;;;;;Alemania;;0
Hellhammer;https://www.metal-archives.com/images/4/4/44_artist.jpg?5434;Hombre;2;8;1969;;;;Noruega;"Trysil, Innlandet";0
"Henkka T. Blacksmith";https://www.metal-archives.com/images/1/1/2/0/11201_artist.jpg?5516;Hombre;7;6;1980;;;;Finlandia;"Espoo, Uusimaa";1
"Herman Frank";https://www.metal-archives.com/images/2/1/6/7/21677_artist.jpg?3802;Hombre;20;1;1959;;;;Alemania;"Erlangen, Bavaria";0
"Horst Müller";https://www.metal-archives.com/images/6/9/8/6/69860_artist.jpg?0535;Hombre;;;;;;;Suiza;;0
"Howard Benson";https://www.metal-archives.com/images/1/0/6/1/106122_artist.jpg?0756;Hombre;;;1956;;;;"Estados Unidos";"Havertown, Pennsylvania";0
"Ian Hill";https://www.metal-archives.com/images/3/5/5/7/3557_artist.jpg?0017;Hombre;20;1;1951;;;;"Reino Unido";"Birmingham, West Midlands, England";0
"ICS Vortex";https://www.metal-archives.com/images/1/5/4/9/1549_artist.jpg?0313;Hombre;4;3;1974;;;;Noruega;Oslo;0
"Igor Cavalera";https://www.metal-archives.com/images/4/5/1/1/4511_artist.jpg?0706;Hombre;4;9;1970;;;;Brasil;"Belo Horizonte, Minas Gerais";0
Inferno;https://www.metal-archives.com/images/3/5/35_artist.jpg?2907;Hombre;30;12;1978;;;;Polonia;"Tczew, Pomerania";0
"Ingo Schwichtenberg";https://www.metal-archives.com/images/3/4/5/5/3455_artist.jpg?3459;Hombre;18;5;1965;8;3;1995;Alemania;Hamburg;0
"Ivan de Prume";https://www.metal-archives.com/images/3/9/1/6/39162_artist.jpg?434;Hombre;2;1;1968;;;;"Estados Unidos";"New York City, New York";0
"Ivar de Graaf";https://www.metal-archives.com/images/2/9/9/9/29999_artist.jpg?222;Hombre;20;8;1973;;;;"Países Bajos";"Amsterdam, North Holland";2
"Ivo Henzi";https://www.metal-archives.com/images/1/2/1/0/12109_artist.jpg?4527;Hombre;;;1983;;;;Suiza;Zürich;1
"Jack Gibson";https://www.metal-archives.com/images/2/9/3/1/2931_artist.jpg?2629;Hombre;4;9;1969;;;;"Estados Unidos";;0
"Jack Richardson";https://www.metal-archives.com/images/1/4/5/5/145538_artist.jpg?4311;Hombre;23;7;1929;13;5;2011;Canadá;"Toronto, Ontario";1
"Jaime Gomez Arellano";https://www.metal-archives.com/images/1/3/7/6/137678_artist.jpg?0026;Hombre;;;;;;;Colombia;"Buga, Valle del Cauca";0
"Jairo Guedz";https://www.metal-archives.com/images/4/4/9/2/4492_artist.jpg?1720;Hombre;25;11;1968;;;;Brasil;"João Monlevade, Minas Gerais";0
"Jake E. Lee";https://www.metal-archives.com/images/1/5/0/7/15071_artist.jpg?3019;Hombre;15;2;1957;;;;"Estados Unidos";"Fairmont, West Virginia";0
"James Guthrie";https://www.metal-archives.com/images/1/6/1/0/161023_artist.jpg?5648;Hombre;14;11;1953;;;;"Reino Unido";"Edmonton, Middlesex, England";0
"James Hetfield";https://www.metal-archives.com/images/1/7/0/170_artist.jpg?4424;Hombre;3;8;1963;;;;"Estados Unidos";"Downey, California";1
"James LaBrie";https://www.metal-archives.com/images/2/1/2/1/2121_artist.jpg?0650;Hombre;5;5;1963;;;;Canadá;"Penetanguishene, Ontario";0
"James McIlroy";https://www.metal-archives.com/images/1/7/0/5/1705_artist.jpg?1234;Hombre;7;12;1977;;;;"Reino Unido";"Norfolk, England";0
"James Murphy";https://www.metal-archives.com/images/7/8/7/787_artist.jpg?0201;Hombre;30;7;1967;;;;"Estados Unidos";"Portsmouth, Virginia";0
"Jan Lindh";https://www.metal-archives.com/images/6/9/6/2/6962_artist.jpg?5253;Hombre;29;7;1964;;;;Suecia;"Älvsbyn, Norrbotten";0
"Jan Peter Genkel";https://www.metal-archives.com/images/5/8/6/1/58610_artist.jpg?1201;Hombre;;;;;;;Alemania;;0
"Jan Rechberger";https://www.metal-archives.com/images/1/2/4/3/1243_artist.jpg?0746;Hombre;13;6;1974;;;;Finlandia;"Helsinki, Uusimaa";0
"Janick Gers";https://www.metal-archives.com/images/1/1/9/119_artist.jpg?2159;Hombre;27;1;1957;;;;"Reino Unido";"Hartlepool, Durham, England";0
"Janne Warman";https://www.metal-archives.com/images/2/0/5/6/2056_artist.jpg?3819;Hombre;26;4;1979;;;;Finlandia;"Espoo, Uusimaa";0
"Jared MacEachern";https://www.metal-archives.com/images/5/8/1/6/58165_artist.jpg?5716;Hombre;16;8;1980;;;;"Estados Unidos";"Virginia Beach, Virginia";0
"Jari Kainulainen";https://www.metal-archives.com/images/3/9/7/1/3971_artist.jpg?2708;Hombre;29;4;1970;;;;Finlandia;"Helsinki, Uusimaa";0
"Jaska Raatikainen";https://www.metal-archives.com/images/2/0/3/2/2032_artist.jpg?0724;Hombre;18;7;1979;;;;Finlandia;"Lappeenranta, Etelä-Karjala";0
"Jason Newsted";https://www.metal-archives.com/images/2/0/1/201_artist.jpg?3242;Hombre;4;3;1963;;;;"Estados Unidos";"Battle Creek, Michigan";0
"Jason Rullo";https://www.metal-archives.com/images/5/8/4/6/5846_artist.jpg?2321;Hombre;17;7;1972;;;;"Estados Unidos";"Hackensack, New Jersey";0
"Jay Noel Yuenger";https://www.metal-archives.com/images/3/9/1/1/39116_artist.jpg?0348;Hombre;26;12;1966;;;;"Estados Unidos";"Chicago, Illinois";0
"Jay Ruston";https://www.metal-archives.com/images/2/1/7/1/217135_artist.jpg?2159;Hombre;;;;;;;Canadá;;0
"Jeff Balding";https://www.metal-archives.com/images/2/8/0/9/280922_artist.jpg?56;Hombre;;;;;;;"Estados Unidos";;0
"Jeff Hanneman";https://www.metal-archives.com/images/2/6/5/265_artist.jpg?0714;Hombre;31;1;1964;2;5;2013;"Estados Unidos";"Oakland, California";1
"Jeff Loomis";https://www.metal-archives.com/images/1/3/5/2/1352_artist.jpg?1507;Hombre;14;9;1971;;;;"Estados Unidos";"Appleton, Wisconsin";0
"Jeff Singer";https://www.metal-archives.com/images/2/5/8/6/2586_artist.jpg?3223;Hombre;31;3;1971;;;;"Reino Unido";"Manchester, Greater Manchester, England";0
"Jeff Walker";https://www.metal-archives.com/images/5/6/3/563_artist.jpg?2003;Hombre;25;3;1969;;;;"Reino Unido";"St. Helens, Merseyside, England";0
"Jeff Young";https://www.metal-archives.com/images/2/7/2/3/2723_artist.jpg?4315;Hombre;31;3;1962;;;;"Estados Unidos";"Ann Arbor, Michigan";0
"Jeffrey Calvert";;Hombre;;;;;;;"Reino Unido";;0
"Jens Bogren";https://www.metal-archives.com/images/2/1/5/6/21563_artist.jpg?4240;Hombre;13;11;1979;;;;Suecia;"Halmstad, Halland";0
"Jens Johansson";https://www.metal-archives.com/images/3/6/7/9/3679_artist.jpg?3247;Hombre;2;11;1963;;;;Suecia;Stockholm;0
"Jens Kidman";https://www.metal-archives.com/images/7/2/8/1/7281_artist.jpg?0639;Hombre;8;6;1966;;;;Suecia;"Umeå, Västerbotten";0
"Jeroen van Veen";https://www.metal-archives.com/images/9/0/8/2/9082_artist.jpg?4325;Hombre;26;10;1974;;;;"Países Bajos";"Boskoop, South Holland";0
"Jesper Strömblad";https://www.metal-archives.com/images/6/4/8/3/6483_artist.jpg?1057;Hombre;28;11;1972;;;;Suecia;"Gothenburg, Västra Götaland";1
"Jim Morris";https://www.metal-archives.com/images/1/5/3/2/15326_artist.jpg?191;Hombre;;;;;;;"Estados Unidos";;0
"Jimmy Bain";https://www.metal-archives.com/images/8/0/3/9/8039_artist.jpg?5643;Hombre;19;12;1947;24;1;2016;"Reino Unido";"Newtonmore, Highland, Scotland";0
"Jimmy Miller";https://www.metal-archives.com/images/1/0/6/1/106125_artist.jpg?5210;Hombre;23;3;1942;22;10;1994;"Estados Unidos";"New York City, New York";0
"Joakim Brodén";https://www.metal-archives.com/images/2/9/4/7/2947_artist.jpg?4758;Hombre;5;10;1980;;;;Suecia;"Falun, Dalarna";0
"Joey Belladonna";https://www.metal-archives.com/images/5/9/3/9/5939_artist.jpg?3034;Hombre;13;10;1960;;;;"Estados Unidos";"Oswego, New York";0
"Joey DeMaio";https://www.metal-archives.com/images/8/4/3/4/8434_artist.jpg?2103;Hombre;6;3;1954;;;;"Estados Unidos";"Auburn, New York";0
"Johan Andersson";https://www.metal-archives.com/images/2/9/5/3/2953_artist.jpg?5809;Hombre;5;5;1981;;;;Suecia;"Falun, Dalarna";0
"Johan De Farfalla";https://www.metal-archives.com/images/1/9/7/197_artist.jpg?1133;Hombre;3;6;1971;;;;Suecia;Stockholm;0
"Johan Längquist";https://www.metal-archives.com/images/6/9/7/1/6971_artist.jpg?0950;Hombre;23;8;1963;;;;Suecia;"Järfälla, Stockholm";1
"Johan Larsson";https://www.metal-archives.com/images/6/5/1/6/6516_artist.jpg?0047;Hombre;8;12;1974;;;;Suecia;"Gothenburg, Västra Götaland";0
"Johan Liiva";https://www.metal-archives.com/images/2/3/7/7/2377_artist.jpg?4036;Hombre;18;11;1970;;;;Suecia;"Helsingborg, Skåne";0
"Johan Reinholdz";https://www.metal-archives.com/images/5/2/5/0/52500_artist.jpg?0512;Hombre;30;6;1980;;;;Suecia;"Höör, Skåne";0
"John Bush";https://www.metal-archives.com/images/5/9/7/6/5976_artist.jpg?3245;Hombre;24;8;1963;;;;"Estados Unidos";"Los Angeles, California";0
"John Fryer";https://www.metal-archives.com/images/6/2/9/6/62967_artist.jpg?484;Hombre;;;1958;;;;"Reino Unido";"London, England";0
"John Myung";https://www.metal-archives.com/images/2/1/1/6/2116_artist.jpg?3540;Hombre;24;1;1967;;;;"Estados Unidos";"Chicago, Illinois";0
"John Ortega";https://www.metal-archives.com/images/3/9/4/8/3948_artist.jpg?0107;Hombre;;;1965;;;;"Estados Unidos";;0
"John Petrucci";https://www.metal-archives.com/images/2/1/1/2/2112_artist.jpg?3944;Hombre;12;7;1967;;;;"Estados Unidos";"Kings Park, New York";0
"John Purdell";https://www.metal-archives.com/images/2/4/8/1/24816_artist.jpg?1337;Hombre;8;7;1959;10;7;2003;"Estados Unidos";"Los Angeles, California";0
"John Sinclair";https://www.metal-archives.com/images/2/9/7/7/29778_artist.jpg?4128;Hombre;12;4;1952;;;;"Reino Unido";"London, England";0
"John Tempesta";https://www.metal-archives.com/images/8/1/6/816_artist.jpg?3736;Hombre;26;9;1964;;;;"Estados Unidos";"New York City, New York";0
"Johnny Christ";https://upload.wikimedia.org/wikipedia/commons/1/16/Avenged_Sevenfold-Rock_im_Park_2014_by_2eight_3SC7791.jpg;Hombre;18;11;1984;;;;"Estados Unidos";"Huntington Beach, California";0
"Johnny K";https://www.metal-archives.com/images/1/7/9/0/179063_artist.jpg?0532;Hombre;;;;;;;"Estados Unidos";"Chicago, Illinois";0
"Johnny Kelly";https://www.metal-archives.com/images/2/9/3/5/2935_artist.jpg?4309;Hombre;9;3;1968;;;;"Estados Unidos";"Brooklyn, New York City, New York";0
"Johnny Rod";https://www.metal-archives.com/images/1/7/8/1/17818_artist.jpg?0651;Hombre;8;12;1957;;;;"Estados Unidos";"St. Louis,  Missouri";0
"Jonas Wolf";https://www.metal-archives.com/images/6/6/6/0/666056_artist.jpg?1559;Hombre;14;8;1987;;;;Suiza;;0
"Jonatan Thomasson";;Hombre;;;;;;;Suecia;;0
"Jonathan Donais";https://www.metal-archives.com/images/1/1/8/6/11862_artist.jpg?175;Hombre;5;4;1979;;;;"Estados Unidos";"Northampton, Massachusetts";0
"Jordan Rudess";https://www.metal-archives.com/images/2/1/2/6/2126_artist.jpg?5751;Hombre;4;11;1956;;;;"Estados Unidos";"Great Neck, New York";0
"Jörg Fischer";https://www.metal-archives.com/images/2/1/5/9/21592_artist.jpg?120;Hombre;4;7;1957;;;;Alemania;;0
"Jörg Michael";https://www.metal-archives.com/images/3/7/0/9/3709_artist.jpg?3051;Hombre;27;3;1963;;;;Alemania;"Dortmund, North Rhine-Westphalia";0
"Jorge Salán";https://www.metal-archives.com/images/5/1/1/9/51197_artist.jpg?185;Hombre;4;4;1982;;;;España;"Madrid, Community of Madrid";0
"José Andrëa";https://www.metal-archives.com/images/5/1/1/9/51191_artist.jpg?1419;Hombre;2;6;1971;;;;Bolivia;"La Paz";1
"Josh Silver";https://www.metal-archives.com/images/2/9/3/0/2930_artist.jpg?5809;Hombre;14;11;1962;;;;"Estados Unidos";"New York City, New York";0
"Juan Urteaga";https://www.metal-archives.com/images/6/6/7/5/6675_artist.jpg?5805;Hombre;26;8;1972;;;;Jamaica;Kingston;0
"Jukka Nevalainen";https://www.metal-archives.com/images/2/3/0/4/2304_artist.jpg?2934;Hombre;21;4;1978;;;;Finlandia;"Kitee, Pohjois-Karjala";0
"K.K. Downing";https://www.metal-archives.com/images/3/6/0/1/3601_artist.jpg?0122;Hombre;27;10;1951;;;;"Reino Unido";"Birmingham, West Midlands, England";0
"Kai Hansen";https://www.metal-archives.com/images/2/2/9/1/2291_artist.jpg?4008;Hombre;17;1;1963;;;;Alemania;Hamburg;0
"Kalle Trapp";https://www.metal-archives.com/images/4/8/3/1/48317_artist.gif?2909;Hombre;;;;;;;Alemania;;0
"Karat Faye";https://www.metal-archives.com/images/4/9/8/6/4986_artist.jpg?1729;Hombre;;;;;;;"Estados Unidos";"Los Angeles, California";0
"Karl Logan";https://www.metal-archives.com/images/8/4/4/6/8446_artist.jpg?0255;Hombre;28;4;1965;;;;"Estados Unidos";"Carbondale, Pennsylvania";0
"Kasper Mårtenson";https://www.metal-archives.com/images/2/0/4/4/2044_artist.jpg?2531;Hombre;;;1974;;;;Finlandia;"Helsinki, Uusimaa";0
"Kay Brem";https://www.metal-archives.com/images/8/4/5/2/8452_artist.jpg?1712;Hombre;8;1;1982;;;;Suiza;;0
"Keith Nichol";https://www.metal-archives.com/images/4/3/6/9/43698_artist.jpg?0024;Hombre;;;;;;;"Reino Unido";;0
"Kelly Conlon";https://www.metal-archives.com/images/6/6/0/8/6608_artist.jpg?3041;Hombre;20;3;1969;;;;"Estados Unidos";"Long Island, New York";0
"Ken Owen";https://www.metal-archives.com/images/4/8/3/483_artist.jpg?5322;Hombre;23;4;1970;;;;"Reino Unido";"Billinge, Lancashire, England";0
"Kenny Hickey";https://www.metal-archives.com/images/2/9/2/6/2926_artist.jpg?4208;Hombre;22;5;1966;;;;"Estados Unidos";"New York City, New York";0
"Kerry King";https://www.metal-archives.com/images/2/6/7/267_artist.jpg?1404;Hombre;3;6;1964;;;;"Estados Unidos";"Los Angeles, California";0
"Kevin Churko";https://www.metal-archives.com/images/1/8/0/8/180895_artist.jpg?0622;Hombre;19;1;1968;;;;Canadá;"Regina, Saskatchewan";0
"Kevin Moore";https://www.metal-archives.com/images/1/8/8/188_artist.jpg?0149;Hombre;26;5;1967;;;;"Estados Unidos";"Long Island, New York";0
"Kevin Shirley";https://www.metal-archives.com/images/5/3/4/7/53475_artist.jpg?2300;Hombre;29;6;1960;;;;Sudáfrica;"Johannesburg, Gauteng";0
"Kiko Loureiro";https://www.metal-archives.com/images/3/8/2/6/3826_artist.jpg?3351;Hombre;16;6;1972;;;;Brasil;"Rio de Janeiro, Rio de Janeiro";0
"Kim Rantala";https://www.metal-archives.com/images/2/0/4/7/2047_artist.jpg?3639;Hombre;;;1971;;;;Finlandia;;0
"King Diamond";https://www.metal-archives.com/images/3/1/8/318_artist.jpg?1013;Hombre;14;6;1956;;;;Dinamarca;"Copenhagen, Hovedstaden";1
"Kirk Hammett";https://www.metal-archives.com/images/1/7/5/175_artist.jpg?0048;Hombre;18;11;1962;;;;"Estados Unidos";"San Francisco, California";0
"Kit Woolven";https://www.metal-archives.com/images/7/1/7/3/71734_artist.jpg?0856;Hombre;;;1951;26;1;2022;"Reino Unido";"Maidstone, Kent, England";0
Kothaar;https://www.metal-archives.com/images/7/3/4/734_artist.jpg?1421;Hombre;;;;;;;Suecia;;0
"Lars Johansson";https://www.metal-archives.com/images/6/9/3/1/6931_artist.jpg?0910;Hombre;;;;;;;Suecia;"Boden, Norrbotten";0
"Lars Ulrich";https://www.metal-archives.com/images/1/8/7/187_artist.jpg?2040;Hombre;26;12;1963;;;;Dinamarca;"Gentofte, Hovedstaden";0
"Lauri Porra";https://www.metal-archives.com/images/3/6/9/8/3698_artist.jpg?5519;Hombre;13;12;1977;;;;Finlandia;"Helsinki, Uusimaa";0
"Lee Altus";https://www.metal-archives.com/images/2/4/6/7/2467_artist.jpg?3749;Hombre;13;5;1966;;;;Ukraine;"Odessa, Odessa Oblast";0
"Lee Kerslake";https://www.metal-archives.com/images/1/5/1/1/15114_artist.jpg?194;Hombre;16;4;1947;19;9;2020;"Reino Unido";"Bournemouth, Dorset, England";1
"Lee Morris";https://www.metal-archives.com/images/2/5/8/2/2582_artist.jpg?3427;Hombre;11;1;1970;;;;"Reino Unido";;0
"Leif Edling";https://www.metal-archives.com/images/6/9/5/7/6957_artist.jpg?5056;Hombre;6;8;1963;;;;Suecia;"Upplands Väsby, Stockholm";0
"Lemmy Kilmister";https://www.metal-archives.com/images/2/6/0/260_artist.jpg?3344;Hombre;24;12;1945;28;12;2015;"Reino Unido";"Stoke-on-Trent, Staffordshire, England";1
Les;https://www.metal-archives.com/images/1/0/8/4/108487_artist.jpg?5913;Hombre;26;1;1970;;;;Polonia;"Gdynia, Pomerania";0
"Les Binks";https://www.metal-archives.com/images/3/7/1/4/3714_artist.jpg?4039;Hombre;5;4;1951;;;;"Reino Unido";"Portadown, County Armagh, Northern Ireland";0
"Les Smith";https://www.metal-archives.com/images/1/7/8/1/1781_artist.jpg?3631;Hombre;5;5;1967;;;;"Reino Unido";"Dewsbury, West Yorkshire, England";0
"Lex Vogelaar";https://www.metal-archives.com/images/6/4/2/4/6424_artist.png?3349;Hombre;;;;;;;"Países Bajos";;0
"Linda Suter";https://www.metal-archives.com/images/1/0/0/7/10077_artist.jpg?2545;Mujer;;;;;;;Suiza;;0
"Logan Mader";https://www.metal-archives.com/images/2/5/9/4/25949_artist.jpg?2249;Hombre;16;11;1970;;;;Canadá;"Montreal, Quebec";2
"Louie Clemente";https://www.metal-archives.com/images/8/1/3/813_artist.jpg?5044;Hombre;23;1;1965;;;;"Estados Unidos";California;0
"Luca Turilli";https://www.metal-archives.com/images/2/0/0/1/2001_artist.jpg?1748;Hombre;5;3;1972;;;;Italia;"Trieste, Friuli-Venezia Giulia";0
"M. Shadows";https://upload.wikimedia.org/wikipedia/commons/1/1a/Avenged_Sevenfold_%2832509055635%29.jpg;Hombre;31;7;1981;;;;"Estados Unidos";"Fountain Valley, California";0
Mags;https://www.metal-archives.com/images/8/1/7/7/81775_artist.jpg?5759;Hombre;;;;;;;"Reino Unido";"Keighley, West Yorkshire";0
Mantas;https://www.metal-archives.com/images/4/6/8/9/4689_artist.jpg?2524;Hombre;22;4;1961;;;;"Reino Unido";"Newcastle upon Tyne, Tyne and Wear, England";0
"Mappe Björkman";https://www.metal-archives.com/images/6/9/4/7/6947_artist.jpg?0518;Hombre;14;12;1964;;;;Suecia;Stockholm;0
"Marc Senasac";https://www.metal-archives.com/images/2/6/6/2/266292_artist.jpg?3637;Hombre;;;;;;;"Estados Unidos";California;0
"Marco Hietala";https://www.metal-archives.com/images/2/0/2/5/2025_artist.jpg?4311;Hombre;14;1;1966;;;;Finlandia;"Tervo, Pohjois-Savo";0
"Marcus Jidell";https://www.metal-archives.com/images/1/2/4/7/12476_artist.jpg?203;Hombre;11;9;1973;;;;Suecia;Stockholm;0
"Marcus Siepen";https://www.metal-archives.com/images/7/3/7/737_artist.jpg?1741;Hombre;8;9;1968;;;;Alemania;"Krefeld, North Rhine-Westphalia";0
"Mark Dodson";https://www.metal-archives.com/images/2/5/5/7/25578_artist.jpg?5813;Hombre;10;9;1953;;;;"Reino Unido";"London, England";0
"Mark Tornillo";https://www.metal-archives.com/images/2/6/6/8/26682_artist.jpg?294;Hombre;8;6;1954;;;;"Estados Unidos";"Brielle, New Jersey";0
"Mark Whitaker";;Hombre;;;;;;;"Estados Unidos";;0
"Markus Grosskopf";https://www.metal-archives.com/images/3/4/1/7/3417_artist.jpg?0848;Hombre;21;9;1965;;;;Alemania;Hamburg;0
"Markus Stock";https://www.metal-archives.com/images/7/9/2/9/792980_artist.jpg?4116;Hombre;19;9;1978;;;;Alemania;;0
"Mårten Hagström";https://www.metal-archives.com/images/7/2/8/8/7288_artist.jpg?0238;Hombre;27;4;1971;;;;Suecia;"Örnsköldsvik, Västernorrland";0
Marthus;https://www.metal-archives.com/images/1/7/1/4/1714_artist.jpg?1248;Hombre;20;1;1981;;;;Chequia;"Brno, South Moravian Region";0
"Martijn Spierenburg";https://www.metal-archives.com/images/1/5/5/7/15578_artist.jpg?5103;Hombre;30;1;1975;;;;"Países Bajos";;0
"Martijn Westerholt";https://www.metal-archives.com/images/2/3/5/3/23538_artist.jpg?2615;Hombre;30;3;1979;;;;"Países Bajos";"Zwolle, Overijssel";0
"Martin Axenrot";https://www.metal-archives.com/images/1/5/5/155_artist.jpg?1212;Hombre;5;3;1979;;;;Suecia;"Linköping, Östergötland";1
"Martin Birch";https://www.metal-archives.com/images/5/7/9/9/579937_artist.jpg?5551;Hombre;27;12;1948;9;8;2020;"Reino Unido";"Woking, Surrey, England";0
"Martin Brändström";https://www.metal-archives.com/images/4/0/6/2/4062_artist.jpg?5606;Hombre;16;4;1975;;;;Suecia;;0
"Martin E. Ain";https://www.metal-archives.com/images/8/6/7/3/8673_artist.jpg?1603;Hombre;18;7;1967;21;10;2017;"Estados Unidos";"Santa Barbara, California";0
"Martin Henriksson";https://www.metal-archives.com/images/4/0/3/1/4031_artist.jpg?1052;Hombre;30;10;1974;;;;Suecia;"Gothenburg, Västra Götaland";0
"Martin Lopez";https://www.metal-archives.com/images/2/1/3/213_artist.jpeg?1109;Hombre;20;5;1978;;;;Suecia;Stockholm;0
"Martín Méndez";https://www.metal-archives.com/images/1/5/2/152_artist.jpg?1604;Hombre;6;4;1978;;;;Uruguay;Montevideo;0
"Martin Powell";https://www.metal-archives.com/images/1/7/8/8/1788_artist.jpg?5702;Hombre;19;7;1973;;;;"Reino Unido";"Sheffield, South Yorkshire, England";0
"Marty Friedman";https://www.metal-archives.com/images/2/7/4/1/2741_artist.jpg?2800;Hombre;8;12;1962;;;;"Estados Unidos";"Washington, DC";0
"Matias Kupiainen";https://www.metal-archives.com/images/3/6/7/2/3672_artist.jpg?3626;Hombre;11;5;1983;;;;Finlandia;"Helsinki, Uusimaa";0
"Mats Ekström";https://www.metal-archives.com/images/1/0/0/2/10022_artist.jpg?5831;Hombre;;;;;;;Suecia;;0
"Mats Lindfors";https://www.metal-archives.com/images/6/4/4/7/64470_artist.jpg?4946;Hombre;;;1957;19;3;2017;Suecia;;1
"Matt Hyde";https://www.metal-archives.com/images/5/9/7/0/59703_artist.jpg?2515;Hombre;19;6;1964;;;;"Estados Unidos";;0
"Matteo Sisti";https://www.metal-archives.com/images/2/0/8/5/208555_artist.jpg?2018;Hombre;;;;;;;Italia;"Maniago, Friuli-Venezia Giulia";0
"Matthew Archer";https://www.metal-archives.com/images/2/5/7/9/2579_artist.jpg?3534;Hombre;;;;;;;"Reino Unido";"Halifax, West Yorkshire, England";0
"Max Cavalera";https://www.metal-archives.com/images/4/4/7/6/4476_artist.jpg?5744;Hombre;4;8;1969;;;;Brasil;"Belo Horizonte, Minas Gerais";0
"Max Norman";https://www.metal-archives.com/images/1/9/4/0/19403_artist.jpg?2157;Hombre;30;5;1958;;;;"Reino Unido";"Kettering, Northamptonshire, England";1
"Max West";;Hombre;;;;;;;"Reino Unido";;0
"Meri Tadi?";https://www.metal-archives.com/images/8/4/4/4/8444_artist.jpg?2213;Mujer;15;8;1982;;;;Suiza;;0
"Merlin Sutter";https://www.metal-archives.com/images/8/4/5/8/8458_artist.jpg?3847;Hombre;21;9;1986;;;;Suiza;"Winterthur, Zurich";0
"Messiah Marcolin";https://www.metal-archives.com/images/3/6/6/5/3665_artist.jpg?4639;Hombre;10;12;1967;;;;Suecia;"Ronneby, Blekinge";0
"Michael Amott";https://www.metal-archives.com/images/2/0/0/0/2000_artist.jpg?4318;Hombre;28;7;1969;;;;Suecia;"Halmstad, Halland";1
"Michael Beinhorn";https://www.metal-archives.com/images/9/6/9/1/96918_artist.jpg?3236;Hombre;;;;;;;"Estados Unidos";;0
"Michael Denner";https://www.metal-archives.com/images/2/8/8/3/2883_artist.jpg?5235;Hombre;5;11;1958;;;;Dinamarca;"Copenhagen, Hovedstaden";0
"Michael Kiske";https://www.metal-archives.com/images/3/4/3/2/3432_artist.jpg?1704;Hombre;24;1;1968;;;;Alemania;Hamburg;0
"Michael Nicklasson";https://www.metal-archives.com/images/4/0/7/9/4079_artist.jpg?0502;Hombre;11;4;1972;;;;Suecia;;0
"Michael Pinnella";https://www.metal-archives.com/images/5/8/4/1/5841_artist.jpg?5730;Hombre;29;8;1969;;;;"Estados Unidos";"Point Pleasant Beach, New Jersey";0
"Michael Romeo";https://www.metal-archives.com/images/5/8/4/0/5840_artist.jpg?4108;Hombre;6;3;1968;;;;"Estados Unidos";"New York City, New York";2
"Michael Rosen";https://www.metal-archives.com/images/1/5/1/2/15129_artist.jpg?3448;Hombre;;;;;;;"Estados Unidos";;0
"Michael Wagener";https://www.metal-archives.com/images/2/1/5/7/21579_artist.jpg?432;Hombre;25;4;1949;;;;Alemania;"Wuppertal, North Rhine-Westphalia";0
"Michael Weikath";https://www.metal-archives.com/images/3/3/9/8/3398_artist.jpg?1316;Hombre;7;8;1962;;;;Alemania;Hamburg;0
"Michalina Malisz";https://www.metal-archives.com/images/6/0/0/6/600655_artist.jpg?5204;Mujer;;;;;;;Polonia;"Jaworzno, Silesia";0
"Michiel Papenhove";https://www.metal-archives.com/images/2/9/9/9/29992_artist.jpg?2058;Hombre;;;;;;;"Países Bajos";"Rotterdam, South Holland";0
"Mick Mars";https://www.metal-archives.com/images/8/0/3/4/8034_artist.jpg?0201;Hombre;4;5;1951;;;;"Estados Unidos";"Terre Haute, Indiana";0
"Mickey Sweeney";https://www.metal-archives.com/images/1/8/3/9/183954_artist.jpg?0426;Hombre;;;;;;;"Reino Unido";;0
"Mikael Åkerfeldt";https://www.metal-archives.com/images/1/4/4/144_artist.jpg?3608;Hombre;17;4;1974;;;;Suecia;Stockholm;0
"Mikael Stanne";https://www.metal-archives.com/images/4/0/0/8/4008_artist.jpg?2849;Hombre;20;5;1974;;;;Suecia;"Gothenburg, Västra Götaland";0
"Mike Bordin";https://www.metal-archives.com/images/5/8/9/3/5893_artist.jpg?5153;Hombre;27;11;1962;;;;"Estados Unidos";"San Francisco, California";0
"Mike Browning";https://www.metal-archives.com/images/3/9/8/2/3982_artist.jpg?2526;Hombre;26;5;1964;;;;"Estados Unidos";"Tampa, Florida";0
"Mike Butler";https://www.metal-archives.com/images/3/1/4/6/3146_artist.jpg?4447;Hombre;24;12;1961;;;;"Estados Unidos";"Jacksonville, Florida";0
"Mike Clink";https://www.metal-archives.com/images/1/3/6/9/136992_artist.jpg?4337;Hombre;23;8;1952;;;;"Estados Unidos";;0
"Mike Duda";https://www.metal-archives.com/images/2/6/7/9/26799_artist.jpg?4247;Hombre;;;;;;;"Estados Unidos";"East Haven, Connecticut";0
"Mike Dupke";https://www.metal-archives.com/images/3/4/9/9/34996_artist.jpg?3117;Hombre;30;5;1974;;;;"Estados Unidos";"Grand Rapids, Michigan";0
"Mike Elizondo";https://upload.wikimedia.org/wikipedia/commons/6/60/Mike_Elizondo_2022.jpg;Hombre;22;10;1972;;;;"Estados Unidos";"Pacoima, California";0
"Mike Exeter";https://www.metal-archives.com/images/1/2/1/0/121066_artist.jpg?3637;Hombre;;;;;;;"Reino Unido";"Bexley, London, England";0
"Mike Heller";https://www.metal-archives.com/images/4/9/3/3/49332_artist.jpg?1829;Hombre;17;1;1982;;;;"Estados Unidos";"Brooklyn, New York City, New York";0
"Mike LePond";https://www.metal-archives.com/images/2/1/4/4/21442_artist.jpg?0814;Hombre;17;2;1966;;;;"Estados Unidos";"Newark, New Jersey";0
"Mike Mangini";https://www.metal-archives.com/images/8/6/7/8/8678_artist.jpg?0839;Hombre;18;4;1963;;;;"Estados Unidos";"Newton, Massachusetts";0
"Mike Portnoy";https://www.metal-archives.com/images/2/0/6/206_artist.jpg?4544;Hombre;20;4;1967;;;;"Estados Unidos";"Long Beach, New York";0
"Mike Varney";https://www.metal-archives.com/images/6/5/3/0/65303_artist.jpg?5415;Hombre;29;10;1957;;;;"Estados Unidos";"Novato, California";0
"Mikkey Dee";https://www.metal-archives.com/images/2/9/5/295_artist.jpg?5453;Hombre;31;10;1963;;;;Suecia;"Gothenburg, Västra Götaland";0
"Mikko Karmila";https://www.metal-archives.com/images/9/2/1/3/9213_artist.jpg?1202;Hombre;;;1964;;;;Finlandia;"Lohja, Uusimaa";0
"Mille Petrozza";https://www.metal-archives.com/images/3/7/6/6/3766_artist.jpg?3023;Hombre;18;12;1967;;;;Alemania;"Essen, North Rhine-Westphalia";0
"Miro Rodenberg";https://www.metal-archives.com/images/7/9/2/9/792981_artist.jpg?5717;Hombre;9;4;1970;;;;Alemania;"Wolfsburg, Lower Saxony";0
Mohamed;https://www.metal-archives.com/images/5/8/1/9/58192_artist.jpg?5237;Hombre;30;7;1969;;;;España;Madrid;0
"Moses Schneider";https://www.metal-archives.com/images/1/8/0/8/180838_artist.jpg?04;Hombre;;;1966;;;;Alemania;;0
Mustis;https://www.metal-archives.com/images/9/2/9/7/9297_artist.jpg?4300;Hombre;10;9;1979;;;;Noruega;"Bærum, Viken";0
Nagash;https://www.metal-archives.com/images/1/5/3/2/15329_artist.jpg?274;Hombre;7;5;1978;;;;Noruega;"Hamar, Innlandet";0
"Neil Turbin";https://www.metal-archives.com/images/5/9/6/9/5969_artist.jpg?2443;Hombre;24;12;1963;;;;"Estados Unidos";"Brooklyn, New York City, New York";0
Nergal;https://www.metal-archives.com/images/3/3/33_artist.jpg?4738;Hombre;10;6;1977;;;;Polonia;"Gdynia, Pomerania";0
"Nicholas Barker";https://www.metal-archives.com/images/1/7/5/9/1759_artist.jpg?1838;Hombre;25;4;1973;;;;"Reino Unido";"Chesterfield, Derbyshire, England";0
"Nick Cordle";https://www.metal-archives.com/images/2/1/7/5/21759_artist.jpg?2212;Hombre;8;10;1986;;;;"Estados Unidos";;0
"Nick Holmes";https://www.metal-archives.com/images/2/5/5/3/2553_artist.jpg?0405;Hombre;7;1;1971;;;;"Reino Unido";"Halifax, West Yorkshire, England";0
"Nick Menza";https://www.metal-archives.com/images/2/7/9/0/2790_artist.jpg?5642;Hombre;23;7;1964;21;5;2016;Alemania;"Munich, Bavaria";0
"Nicko McBrain";https://www.metal-archives.com/images/1/1/4/114_artist.jpg?2754;Hombre;5;6;1952;;;;"Reino Unido";"Hackney, London, England";1
"Niclas Etelävuori";https://www.metal-archives.com/images/2/0/2/2/2022_artist.jpg?0808;Hombre;8;11;1971;;;;Finlandia;;0
"Nicole Ansperger";https://www.metal-archives.com/images/5/3/8/6/538680_artist.jpg?3611;Mujer;10;12;1981;;;;Alemania;"Stuttgart, Baden-Württemberg";0
"Nikki Sixx";https://www.metal-archives.com/images/1/5/4/8/15483_artist.jpg?5451;Hombre;11;12;1958;;;;"Estados Unidos";"San Jose, California";0
"Niklas Sundin";https://www.metal-archives.com/images/4/0/1/7/4017_artist.jpg?2453;Hombre;13;8;1974;;;;Suecia;"Gothenburg, Västra Götaland";0
"Olli-Pekka Laine";https://www.metal-archives.com/images/2/0/4/2/2042_artist.jpg?0734;Hombre;;;1973;;;;Finlandia;"Helsinki, Uusimaa";0
Orion;https://www.metal-archives.com/images/3/4/34_artist.jpg?0526;Hombre;2;6;1980;;;;Polonia;"Warsaw, Masovia";1
"Oscar Holleman";https://www.metal-archives.com/images/7/5/8/1/75815_artist.jpg?241;Hombre;;;;;;;"Países Bajos";;0
"Oskar Montelius";https://www.metal-archives.com/images/2/9/5/8/2958_artist.jpg?5849;Hombre;4;5;1980;;;;Suecia;"Falun, Dalarna";0
"Ozzy Osbourne";https://www.metal-archives.com/images/2/0/7/3/2073_artist.jpg?4339;Hombre;3;12;1948;;;;"Reino Unido";"Birmingham, West Midlands, England";0
"Päde Kistler";https://www.metal-archives.com/images/8/4/4/9/8449_artist.jpg?4711;Hombre;;;1975;;;;Suiza;;2
"Pär Sundström";https://www.metal-archives.com/images/2/9/6/4/2964_artist.jpg?0221;Hombre;8;6;1981;;;;Suecia;"Falun, Dalarna";0
"Pasi Koskinen";https://www.metal-archives.com/images/1/2/0/1/1201_artist.jpg?1346;Hombre;;;1972;;;;Finlandia;"Helsinki, Uusimaa";0
"Patrice Guers";https://www.metal-archives.com/images/2/0/0/4/2004_artist.jpg?1801;Hombre;5;9;1969;;;;Francia;"Annecy, Auvergne-Rhône-Alpes";0
"Patrick Meehan";;Hombre;;;;;;;"Reino Unido";;0
"Patrik Jerksten";https://www.metal-archives.com/images/7/7/3/6/7736_artist.jpg?4359;Hombre;19;7;1974;;;;Suecia;"Gothenburg, Västra Götaland";0
"Paul Allender";https://www.metal-archives.com/images/1/7/0/2/1702_artist.jpg?1301;Hombre;17;11;1970;;;;"Reino Unido";"Colchester, Essex, England";0
"Paul Baloff";https://www.metal-archives.com/images/3/0/9/9/3099_artist.jpg?1452;Hombre;25;4;1960;2;2;2002;"Estados Unidos";"Oakland, California";0
"Paul Bostaph";https://www.metal-archives.com/images/2/7/8/278_artist.jpg?0644;Hombre;4;3;1964;;;;"Estados Unidos";"San Francisco, California";0
"Paul Curcio";https://www.metal-archives.com/images/1/0/7/2/107237_artist.jpg?1551;Hombre;;;1944;10;9;2018;"Estados Unidos";"Rochester, New York";0
"Paul Di'Anno";https://www.metal-archives.com/images/1/2/4/124_artist.jpg?5457;Hombre;17;5;1958;;;;"Reino Unido";"London, England";5
"Paul Hammingson";https://www.metal-archives.com/images/1/5/3/7/153757_artist.jpg?2743;Hombre;;;;;;;"Estados Unidos";;0
"Paul Lani";https://www.metal-archives.com/images/1/4/4/6/1446_artist.jpg?0404;Hombre;;;;;;;"Estados Unidos";;0
"Paul Masvidal";https://www.metal-archives.com/images/1/1/6/7/1167_artist.jpg?1607;Hombre;20;1;1971;;;;"Puerto Rico";"San Juan";0
"Paul Ryan";https://www.metal-archives.com/images/1/7/2/5/1725_artist.png?1916;Hombre;;;;;;;"Reino Unido";;0
"Paul Talbot";;Hombre;;;;;;;"Reino Unido";;0
"Paulo Jr.";https://www.metal-archives.com/images/4/4/5/2/4452_artist.jpg?1128;Hombre;30;4;1969;;;;Brasil;"Belo Horizonte, Minas Gerais";0
"Pedro Díaz";https://www.metal-archives.com/images/6/0/8/5/60854_artist.jpg?2532;Hombre;11;10;1971;;;;España;Madrid;0
"Pekka Kasari";https://www.metal-archives.com/images/1/2/4/6/1246_artist.jpg?3155;Hombre;;;1966;;;;Finlandia;;0
"Per Wiberg";https://www.metal-archives.com/images/2/1/6/216_artist.jpg?1445;Hombre;8;6;1968;;;;Suecia;Stockholm;0
"Pete Blakk";https://www.metal-archives.com/images/9/7/7/7/9777_artist.jpg?3819;Hombre;;;;;;;Suecia;;0
"Pete Gill";https://www.metal-archives.com/images/2/3/7/0/2370_artist.jpg?1357;Hombre;9;6;1951;;;;"Reino Unido";"Sheffield, South Yorkshire, England";0
"Pete Sandoval";https://www.metal-archives.com/images/8/8_artist.jpg?4701;Hombre;21;5;1969;;;;"El Salvador";"Santa Ana";0
"Peter Baltes";https://www.metal-archives.com/images/2/1/6/5/21656_artist.jpg?1550;Hombre;4;4;1958;;;;Alemania;"Solingen, North Rhine-Westphalia";0
"Peter Iwers";https://www.metal-archives.com/images/6/2/3/6/6236_artist.jpg?1612;Hombre;15;5;1975;;;;Suecia;Stockholm;0
"Peter Lindgren";https://www.metal-archives.com/images/1/7/7/177_artist.jpg?0459;Hombre;6;3;1973;;;;Suecia;Stockholm;0
"Peter Nordin";https://www.metal-archives.com/images/7/3/2/6/73269_artist.jpg?5348;Hombre;;;;;;;Suecia;"Umeå, Västerbotten";0
"Peter Solley";https://www.metal-archives.com/images/3/1/1/6/31169_artist.jpg?0303;Hombre;19;10;1948;;;;"Reino Unido";"London, England";0
"Peter Steele";https://www.metal-archives.com/images/2/9/2/4/2924_artist.jpg?4138;Hombre;4;1;1962;14;4;2010;"Estados Unidos";"Red Hook, Brooklyn, New York";0
"Peter Tägtgren";https://www.metal-archives.com/images/2/5/2/4/2524_artist.jpeg?2855;Hombre;3;6;1970;;;;Suecia;"Ludvika, Dalarna";0
"Phil Campbell";https://www.metal-archives.com/images/2/8/8/288_artist.jpg?5403;Hombre;7;5;1961;;;;"Reino Unido";"Pontypridd, Mid Glamorgan, Wales";0
"Phil Demmel";https://www.metal-archives.com/images/2/2/5/6/22562_artist.jpg?1437;Hombre;2;4;1967;;;;"Estados Unidos";"Dublin, California";0
"Phil Soussan";https://www.metal-archives.com/images/1/5/1/0/15108_artist.jpg?2225;Hombre;23;6;1961;;;;"Reino Unido";"London, England";0
"Philip Anselmo";https://www.metal-archives.com/images/5/7/4/3/5743_artist.jpg?4844;Hombre;30;6;1968;;;;"Estados Unidos";"New Orleans, Louisiana";0
"Philthy Animal";https://www.metal-archives.com/images/2/3/8/8/2388_artist.jpg?2737;Hombre;21;9;1954;12;11;2015;"Reino Unido";"Chesterfield, Derbyshire, England";0
Quorthon;https://www.metal-archives.com/images/7/1/5/715_artist.jpg?5900;Hombre;17;2;1966;3;6;2004;Suecia;"Hägersten, Stockholm";0
"Rachel Bolan";https://www.metal-archives.com/images/6/8/6/7/68676_artist.jpg?305;Hombre;9;2;1966;;;;"Estados Unidos";"Point Pleasant, New Jersey";0
"Rafael Salzmann";https://www.metal-archives.com/images/4/5/1/0/451023_artist.jpg?5749;Hombre;;;1986;;;;Suiza;Lucerne;0
"Rafi Kirder";https://www.metal-archives.com/images/1/0/0/8/10085_artist.jpg?322;Hombre;;;;;;;Suiza;;0
"Ragne Wahlquist";https://www.metal-archives.com/images/3/2/8/2/3282_artist.jpg?0056;Hombre;23;1;1955;;;;Suecia;Stockholm;0
"Randy Burns";https://www.metal-archives.com/images/3/1/6/2/31624_artist.jpg?2100;Hombre;9;6;1954;;;;"Estados Unidos";"St. Louis, Missouri";0
"Randy Castillo";https://www.metal-archives.com/images/1/5/4/9/15493_artist.jpg?2914;Hombre;18;12;1950;26;3;2002;"Estados Unidos";"Albuquerque, New Mexico";0
"Randy Piper";https://www.metal-archives.com/images/1/5/5/3/15537_artist.jpg?3323;Hombre;13;4;1956;;;;"Estados Unidos";"San Antonio, Texas";0
"Randy Rhoads";https://www.metal-archives.com/images/1/5/0/5/15058_artist.jpg?4842;Hombre;6;12;1956;19;3;1982;"Estados Unidos";"Santa Monica, California";1
"Raymond Herrera";https://www.metal-archives.com/images/7/3/0/730_artist.jpg?0725;Hombre;18;12;1972;;;;"Estados Unidos";"Los Angeles, California";0
"Reed St. Mark";https://www.metal-archives.com/images/8/7/3/6/8736_artist.jpg?2948;Hombre;;;;;;;"Estados Unidos";;0
"Rex Brown";https://www.metal-archives.com/images/5/7/5/3/5753_artist.jpg?5140;Hombre;27;7;1964;;;;"Estados Unidos";"Graham, Texas";0
"Rhys Fulber";https://www.metal-archives.com/images/3/8/5/8/38584_artist.jpg?574;Hombre;10;10;1970;;;;Canadá;"Vancouver, British Columbia";0
"Richard Brunelle";https://www.metal-archives.com/images/1/0/6/1/10614_artist.jpg?445;Hombre;6;9;1964;23;9;2019;"Estados Unidos";"Tampa, Florida";0
"Richard Christy";https://www.metal-archives.com/images/3/0/5/5/3055_artist.jpg?1020;Hombre;1;4;1974;;;;"Estados Unidos";"Fort Scott, Kansas";0
"Rick Hunolt";https://www.metal-archives.com/images/3/9/6/8/3968_artist.jpg?1818;Hombre;1;7;1963;;;;"Estados Unidos";"Berkeley, California";0
"Rick Rozz";https://www.metal-archives.com/images/1/1/9/0/11902_artist.jpg?3912;Hombre;9;1;1967;;;;"Estados Unidos";"New York City, New York";0
"Rick Rubin";https://www.metal-archives.com/images/1/2/3/1/12319_artist.jpg?524;Hombre;10;3;1963;;;;"Estados Unidos";"Long Beach, New York";0
"Rick Wakeman";https://www.metal-archives.com/images/2/9/8/0/29800_artist.jpg?422;Hombre;18;5;1949;;;;"Reino Unido";"Perivale, Middlesex, England";0
"Rickard Bengtsson";https://www.metal-archives.com/images/1/8/5/185_artist.jpg?0304;Hombre;;;;;;;Suecia;;0
"Riku Niemi";https://www.metal-archives.com/images/2/1/8/8/218834_artist.jpg?4117;Hombre;24;11;1967;;;;Finlandia;"Turku, Varsinais-Suomi";0
"Rob Affuso";https://www.metal-archives.com/images/7/0/4/4/70443_artist.jpg?3244;Hombre;1;3;1963;;;;"Estados Unidos";"Newburgh, New York";0
"Rob Caggiano";https://www.metal-archives.com/images/5/9/4/1/5941_artist.jpg?4802;Hombre;7;11;1976;;;;"Estados Unidos";"Bronx, New York City, New York";0
"Rob Dukes";https://www.metal-archives.com/images/2/3/9/4/2394_artist.jpg?1201;Hombre;8;3;1968;;;;"Estados Unidos";"New York City, New York";0
"Rob Halford";https://www.metal-archives.com/images/3/5/3/5/3535_artist.jpg?5324;Hombre;25;8;1951;;;;"Reino Unido";"Birmingham, West Midlands, England";0
"Rob McKillop";https://www.metal-archives.com/images/3/1/4/0/3140_artist.jpg?2906;Hombre;17;7;1962;;;;"Estados Unidos";California;0
"Rob Nicholson";https://www.metal-archives.com/images/2/3/2/2/23222_artist.jpg?4137;Hombre;24;11;1969;;;;"Estados Unidos";"Los Angeles, California";0
"Rob Zombie";https://www.metal-archives.com/images/3/9/0/9/39090_artist.jpg?420;Hombre;12;1;1965;;;;"Estados Unidos";"Haverhill, Massachusetts";0
"Robb Flynn";https://www.metal-archives.com/images/1/4/7/3/14737_artist.jpg?3300;Hombre;19;7;1967;;;;"Estados Unidos";"Oakland, California";0
"Robert Trujillo";https://www.metal-archives.com/images/1/8/1/181_artist.jpg?4212;Hombre;23;10;1964;;;;"Estados Unidos";"Santa Monica, California";0
"Robert Westerholt";https://www.metal-archives.com/images/9/0/3/5/9035_artist.jpg?4031;Hombre;2;1;1975;;;;"Países Bajos";"Waddinxveen, South Holland";1
"Roberto Falcao";https://www.metal-archives.com/images/9/8/2/6/9826_artist.jpg?4410;Hombre;;;;;;;Dinamarca;;0
"Roberto Fioretti";https://www.metal-archives.com/images/3/8/1/8/3818_artist.jpg?5012;Hombre;6;2;1967;;;;Alemania;"Essen, North Rhine-Westphalia";0
"Roberto Laghi";https://www.metal-archives.com/images/5/6/3/9/56394_artist.jpg?0936;Hombre;;;;;;;Suecia;;0
"Robin Graves";https://www.metal-archives.com/images/1/7/4/8/1748_artist.jpg?1540;Hombre;;;1976;;;;"Reino Unido";"Ipswich, Suffolk, England";0
"Rodger Bain";https://www.metal-archives.com/images/5/5/4/2/55429_artist.jpg?0536;Hombre;;;1945;;;;"Reino Unido";;0
"Roland Grapow";https://www.metal-archives.com/images/3/4/4/8/3448_artist.jpg?5719;Hombre;30;8;1959;;;;Alemania;Hamburg;1
"Rolf Pilve";https://www.metal-archives.com/images/1/4/7/8/14784_artist.jpg?3440;Hombre;23;10;1987;;;;Finlandia;"Tampere, Pirkanmaa";0
"Ron Nevison";https://www.metal-archives.com/images/1/8/0/4/180482_artist.jpg?5730;Hombre;3;6;1945;;;;"Estados Unidos";"Philadelphia, Pennsylvania";0
"Ronnie James Dio";https://www.metal-archives.com/images/4/2/8/2/4282_artist.jpg?0825;Hombre;10;7;1942;16;5;2010;"Estados Unidos";"Portsmouth, New Hampshire";0
"Roope Latvala";https://www.metal-archives.com/images/2/0/7/6/2076_artist.jpg?5445;Hombre;25;6;1970;;;;Finlandia;"Helsinki, Uusimaa";0
"Ross Robinson";https://www.metal-archives.com/images/2/1/7/8/21782_artist.jpg?590;Hombre;13;2;1967;;;;"Estados Unidos";"Angleton, Texas";0
"Ross the Boss";https://www.metal-archives.com/images/9/4/7/9/9479_artist.jpg?1829;Hombre;3;1;1954;;;;"Estados Unidos";"Bronx, New York City, New York";0
"Roy Mayorga";https://www.metal-archives.com/images/2/6/1/7/26174_artist.jpg?5908;Hombre;6;4;1970;;;;"Estados Unidos";"New York City, New York";0
"Roy Rowland";https://www.metal-archives.com/images/2/9/0/2/29029_artist.jpg?4110;Hombre;;;;;;;"Reino Unido";;0
"Roy Z";https://www.metal-archives.com/images/3/1/5/2/31520_artist.jpg?083;Hombre;1968;2;;;;;"Estados Unidos";"Los Angeles, California";0
"Rune Höyer";;Hombre;;;;;;;;;0
"Russell Allen";https://www.metal-archives.com/images/5/8/3/8/5838_artist.jpg?0124;Hombre;19;7;1971;;;;"Estados Unidos";"Long Beach, California";0
"Ruud Jolie";https://www.metal-archives.com/images/1/5/5/7/15574_artist.jpg?193;Hombre;19;4;1976;;;;"Países Bajos";"Tilburg, North Brabant";0
"Sal Abruscato";https://www.metal-archives.com/images/2/9/4/1/2941_artist.jpg?0716;Hombre;18;7;1970;;;;"Estados Unidos";"Brooklyn, New York City, New York";0
Salva;https://www.metal-archives.com/images/6/1/0/1/61010_artist.jpg?5325;Hombre;17;4;1969;;;;España;"Leganés, Madrid";0
"Sami Vänskä";https://www.metal-archives.com/images/2/3/2/0/2320_artist.jpg?4630;Hombre;26;9;1976;;;;Finlandia;"Kitee, Pohjois-Karjala";0
"Sami Yli-Sirniö";https://www.metal-archives.com/images/3/3/5/8/3358_artist.jpg?5203;Hombre;10;4;1972;;;;Finlandia;"Helsinki, Uusimaa";0
Sank;https://www.metal-archives.com/images/1/2/3/6/123635_artist.jpg?0439;Hombre;;;;;;;Suecia;;0
"Santeri Kallio";https://www.metal-archives.com/images/2/0/2/7/2027_artist.jpg?0840;Hombre;6;5;1974;;;;Finlandia;"Helsinki, Uusimaa";0
"Sarah Wauquiez";https://www.metal-archives.com/images/3/7/5/0/375073_artist.jpg?1504;Mujer;;;;;;;Suiza;"Bösingen, Fribourg";1
"Sascha Paeth";https://www.metal-archives.com/images/2/1/1/1/2111_artist.jpg?3720;Hombre;9;9;1970;;;;Alemania;"Wolfsburg, Lower Saxony";0
"Scott Atkins";https://www.metal-archives.com/images/1/3/5/3/135331_artist.jpg?3202;Hombre;;;;;;;"Reino Unido";;0
"Scott Burns";https://www.metal-archives.com/images/1/1/7/7/11774_artist.jpg?4547;Hombre;;;;;;;"Estados Unidos";;0
"Scott Clendenin";https://www.metal-archives.com/images/3/0/8/8/3088_artist.jpg?0557;Hombre;17;1;1968;24;3;2015;"Estados Unidos";"Titusville, Florida";0
"Scott Columbus";https://www.metal-archives.com/images/9/5/1/2/9512_artist.jpg?4626;Hombre;10;11;1956;4;4;2011;"Estados Unidos";"Fair Haven, New York";1
"Scott Ian";https://www.metal-archives.com/images/5/9/4/6/5946_artist.jpg?1044;Hombre;31;12;1963;;;;"Estados Unidos";"New York City, New York";0
"Scott Travis";https://www.metal-archives.com/images/3/5/6/2/3562_artist.jpg?0221;Hombre;6;9;1961;;;;"Estados Unidos";"Norfolk, Virginia";0
"Scotti Hill";https://www.metal-archives.com/images/6/8/6/6/68668_artist.jpg?415;Hombre;31;5;1964;;;;"Estados Unidos";"Manhasset, New York";3
"Sean Reinert";https://www.metal-archives.com/images/1/1/7/0/1170_artist.jpg?0216;Hombre;27;5;1971;24;1;2020;"Estados Unidos";"Miami, Florida";0
"Sean Yseult";https://www.metal-archives.com/images/3/9/1/5/39152_artist.jpg?1850;Mujer;6;6;1966;;;;"Estados Unidos";"Raleigh, North Carolina";1
"Sebastian Bach";https://www.metal-archives.com/images/2/6/7/7/26770_artist.jpg?0016;Hombre;3;4;1968;;;;Bahamas;Freeport;0
"Sergio Cisneros";https://www.metal-archives.com/images/5/1/2/0/51204_artist.jpg?3634;Hombre;28;12;1966;;;;España;;0
"Sergio Martínez";https://www.metal-archives.com/images/4/0/9/2/40925_artist.jpg?3304;Hombre;3;8;1977;;;;España;Pinto;0
"Sevan Kirder";https://www.metal-archives.com/images/1/0/0/6/10063_artist.jpg?282;Hombre;9;2;1980;;;;Suiza;;0
Shagrath;https://www.metal-archives.com/images/6/1/5/2/6152_artist.jpg?0427;Hombre;18;11;1976;;;;Noruega;"Jessheim, Viken";0
"Shannon Hamm";https://www.metal-archives.com/images/3/0/7/9/3079_artist.jpg?0011;Hombre;10;12;1967;;;;"Estados Unidos";Texas;0
"Sharlee D'Angelo";https://www.metal-archives.com/images/3/9/6/3/3963_artist.jpg?0110;Hombre;27;4;1973;;;;Suecia;;0
"Sharon den Adel";https://www.metal-archives.com/images/7/5/0/0/7500_artist.jpg?2800;Mujer;12;7;1974;;;;"Países Bajos";"Waddinxveen, South Holland";0
Silenoz;https://www.metal-archives.com/images/6/1/1/8/6118_artist.jpg?0123;Hombre;1;3;1977;;;;Noruega;"Nannestad, Viken";0
"Sime Koch";https://www.metal-archives.com/images/8/4/6/8/8468_artist.jpg?1416;Hombre;12;9;1982;;;;Suiza;"Winterthur, Zürich";0
"Simon Efemey";https://www.metal-archives.com/images/6/4/0/1/64016_artist.jpg?3906;Hombre;;;;;;;"Reino Unido";;0
"S?awek Wies?awski";https://www.metal-archives.com/images/6/8/5/1/68510_artist.jpg?3936;Hombre;27;5;1973;;;;Polonia;;0
"Snowy Shaw";https://www.metal-archives.com/images/7/7/4/9/7749_artist.jpg?3637;Hombre;25;7;1968;;;;Suecia;"Gothenburg, Västra Götaland";0
"Spencer Proffer";https://www.metal-archives.com/images/1/0/7/3/107372_artist.jpg?0210;Hombre;25;12;1948;;;;Alemania;"Munich, Bavaria";0
"Staffan Karlsson";https://www.metal-archives.com/images/4/2/5/1/425175_artist.jpg?2825;Hombre;;;;;;;Suecia;"Halmstad, Halland";0
"Stefan Kaufmann";https://www.metal-archives.com/images/2/1/6/2/21621_artist.jpg?0945;Hombre;4;8;1960;;;;Alemania;"Solingen, North Rhine-Westphalia";0
"Stefan Larsson";;Hombre;;;;;;;Suecia;Stockholm;0
"Stefan Schwarzmann";https://www.metal-archives.com/images/3/4/7/3/3473_artist.jpeg?3339;Hombre;11;11;1965;;;;Alemania;"Erlangen, Bavaria";1
"Stephen Edmondson";https://www.metal-archives.com/images/2/5/7/1/2571_artist.jpg?2704;Hombre;30;12;1969;;;;"Reino Unido";;0
"Stephen van Haestregt";https://www.metal-archives.com/images/6/4/3/2/6432_artist.jpg?5405;Hombre;12;9;1974;;;;"Países Bajos";"Westdorpe, Zeeland";0
"Stet Howland";https://www.metal-archives.com/images/2/2/7/0/22701_artist.jpg?1429;Hombre;14;8;1960;;;;"Estados Unidos";"Duxbury, Massachusetts";0
"Steve DiGiorgio";https://www.metal-archives.com/images/8/0/8/808_artist.jpg?4450;Hombre;7;11;1967;;;;"Estados Unidos";"Waukegan, Illinois";0
"Steve Evetts";https://www.metal-archives.com/images/6/9/0/7/69073_artist.jpg?5910;Hombre;;;;;;;"Estados Unidos";"Los Angeles, California";1
"Steve Harris";https://www.metal-archives.com/images/1/0/5/105_artist.jpg?0024;Hombre;12;3;1956;;;;"Reino Unido";"Leytonstone, London, England";0
"Steve Riley";https://www.metal-archives.com/images/1/7/8/0/17805_artist.jpg?0007;Hombre;22;1;1956;;;;"Estados Unidos";"Revere, Massachussets";0
"Steve Souza";https://www.metal-archives.com/images/7/4/9/749_artist.jpg?2709;Hombre;24;3;1964;;;;"Estados Unidos";"Oakland, California";0
"Steve Thompson";https://www.metal-archives.com/images/3/1/3/5/31350_artist.jpg?4534;Hombre;24;4;1952;;;;"Reino Unido";"Consett, County Durham";0
"Steve Tucker";https://www.metal-archives.com/images/3/8/2/0/3820_artist.jpg?0349;Hombre;12;3;1971;;;;"Estados Unidos";"Cincinnati, Ohio";0
"Steven Wilson";https://www.metal-archives.com/images/1/7/2/9/17295_artist.jpeg?0833;Hombre;3;11;1967;;;;"Reino Unido";"Hemel Hempstead, Hertfordshire, England";0
"Stian Aarstad";https://www.metal-archives.com/images/7/0/2/5/7025_artist.jpg?4241;Hombre;;;;;;;Noruega;;0
"Stuart Anstis";https://www.metal-archives.com/images/1/7/3/1/1731_artist.jpeg?5236;Hombre;2;5;1974;21;8;2022;"Reino Unido";"Bideford, Devon, England";0
"Synyster Gates";https://upload.wikimedia.org/wikipedia/commons/c/c4/20180603_N%C3%BCrnberg_Rock_im_Park_Avenged_Sevenfold_0744.jpg;Hombre;7;7;1981;;;;"Estados Unidos";"Long Beach, California";0
"Tarja Turunen";https://www.metal-archives.com/images/2/3/0/9/2309_artist.jpg?3831;Mujer;17;8;1977;;;;Finlandia;"Kitee, Pohjois-Karjala";0
"Tero Kinnunen";https://www.metal-archives.com/images/9/1/3/0/9130_artist.jpg?4725;Hombre;1;6;1973;;;;Finlandia;"Kitee, Pohjois-Karjala";0
"Terry Butler";https://www.metal-archives.com/images/3/6/5/9/3659_artist.jpg?3739;Hombre;10;11;1967;;;;"Estados Unidos";"Palatka, Florida";0
"Terry Date";https://www.metal-archives.com/images/1/4/4/2/1442_artist.jpg?1342;Hombre;31;1;1956;;;;"Estados Unidos";"Lansing, Michigan";1
"The Rev";https://upload.wikimedia.org/wikipedia/commons/2/20/James_Owen_Sulivan.jpg;Hombre;9;2;1981;28;12;2009;"Estados Unidos";"Huntington Beach, California";0
"Thobbe Englund";https://www.metal-archives.com/images/7/9/4/2/794285_artist.jpg?4818;Hombre;13;8;1979;;;;Suecia;"Lappträsk, Haparanda, Norrbotten";0
"Thomas Miller";https://www.metal-archives.com/images/5/8/5/4/5854_artist.jpg?2851;Hombre;;;;;;;"Estados Unidos";"Los Angeles, California";0
"Thomen Stauch";https://www.metal-archives.com/images/4/0/0/6/4006_artist.jpg?5206;Hombre;11;3;1970;;;;Alemania;"Krefeld, North Rhine-Westphalia";0
"Tim Palmer";https://www.metal-archives.com/images/1/0/7/6/10769_artist.jpg?0529;Hombre;4;10;1962;;;;"Reino Unido";"North Shields, Tyne and Wear, England";0
"Timi ";;Hombre;;;;;;;Malasia;;0
"Timo Kotipelto";https://www.metal-archives.com/images/3/6/6/8/3668_artist.jpg?5929;Hombre;15;3;1969;;;;Finlandia;"Lappajärvi, Etelä-Pohjanmaa";0
"Timo Tolkki";https://www.metal-archives.com/images/3/7/1/7/3717_artist.jpg?5103;Hombre;3;3;1966;;;;Finlandia;"Nurmijärvi, Uusimaa";0
Tjodalv;https://www.metal-archives.com/images/6/1/4/0/6140_artist.jpg?0424;Hombre;22;2;1976;;;;Noruega;"Jessheim, Viken";0
"Tom Allom";https://www.metal-archives.com/images/6/9/5/0/69503_artist.jpg?2228;Hombre;;;;;;;"Reino Unido";;0
"Tom Araya";https://www.metal-archives.com/images/2/6/2/262_artist.jpg?2235;Hombre;6;6;1961;;;;Chile;"Viña del Mar, Valparaíso";0
"Tom G. Warrior";https://www.metal-archives.com/images/6/4/9/7/6497_artist.jpg?4918;Hombre;19;7;1963;;;;Suiza;Zurich;0
"Tom Hunting";https://www.metal-archives.com/images/3/0/2/9/3029_artist.jpg?0307;Hombre;10;4;1965;;;;"Estados Unidos";"Richmond, California";0
"Tom Werman";https://www.metal-archives.com/images/7/3/6/2/73628_artist.jpg?3443;Hombre;;;1945;;;;"Estados Unidos";"Boston, Massachusetts";0
"Tomas Haake";https://www.metal-archives.com/images/7/2/9/3/7293_artist.jpg?4810;Hombre;13;7;1971;;;;Suecia;"Örnsköldsvik, Västernorrland";0
"Tomas Skogsberg";https://www.metal-archives.com/images/1/6/0/5/16051_artist.jpg?2928;Hombre;29;2;1960;;;;Suecia;Stockholm;0
"Tomi Joutsen";https://www.metal-archives.com/images/2/0/1/1/2011_artist.jpg?0901;Hombre;30;4;1975;;;;Finlandia;"Lohja, Uusimaa";0
"Tomi Koivusaari";https://www.metal-archives.com/images/1/2/2/5/1225_artist.jpg?0819;Hombre;11;4;1973;;;;Finlandia;;0
"Tommy Aldridge";https://www.metal-archives.com/images/7/9/6/2/7962_artist.jpg?2612;Hombre;15;8;1950;;;;"Estados Unidos";"Pearl, Mississippi";0
"Tommy Hansen";https://www.metal-archives.com/images/6/0/0/9/60094_artist.jpg?4748;Hombre;;;1952;;;;Dinamarca;;0
"Tommy Johansson";https://www.metal-archives.com/images/3/5/1/9/35194_artist.jpg?1104;Hombre;26;10;1987;;;;Suecia;"Boden, Norrbotten";0
"Tommy Lee";https://www.metal-archives.com/images/1/5/4/8/15488_artist.jpg?5229;Hombre;3;10;1962;;;;Grecia;"Athens, Attica";0
"Tommy Newton";https://www.metal-archives.com/images/3/0/8/7/30871_artist.gif?594;Hombre;1;7;1957;;;;Alemania;"Stuttgart, Baden-Württemberg";0
"Tommy T. Baron";https://www.metal-archives.com/images/2/3/3/1/23317_artist.jpg?0037;Hombre;8;7;1967;;;;Suiza;Zürich;0
"Tommy Tägtgren";https://www.metal-archives.com/images/6/4/0/5/64051_artist.jpg?2241;Hombre;3;9;1965;;;;Suecia;;0
"Tony Iommi";https://www.metal-archives.com/images/2/1/9/0/2190_artist.jpg?4622;Hombre;19;2;1948;;;;"Reino Unido";"Birmingham, West Midlands, England";0
"Tony Platt";https://www.metal-archives.com/images/4/8/6/7/48674_artist.jpg?0211;Hombre;;;;;;;"Reino Unido";;0
"Tony Richards";https://www.metal-archives.com/images/1/7/7/8/17789_artist.jpg?2746;Hombre;19;6;1957;;;;"Estados Unidos";"Scottsdale, Arizona";0
"Trey Azagthoth";https://www.metal-archives.com/images/6/6_artist.jpg?1319;Hombre;26;3;1965;;;;"Estados Unidos";"Bellingham, Washington";0
Tritze;https://www.metal-archives.com/images/3/7/9/5/3795_artist.jpg?2419;Hombre;16;7;1967;;;;Alemania;Essen;0
"Troy Donockley";https://www.metal-archives.com/images/1/1/9/2/11922_artist.jpg?4341;Hombre;30;5;1964;;;;"Reino Unido";"Workington, Cumbria, England";0
"Tuomas Holopainen";https://www.metal-archives.com/images/1/9/9/8/1998_artist.jpg?0801;Hombre;25;12;1976;;;;Finlandia;"Kitee, Pohjois-Karjala";0
"Txus di Fellatio";https://www.metal-archives.com/images/2/8/7/2/28720_artist.jpg?5922;Hombre;21;1;1970;;;;España;"Bilbao, Basque Country";0
"Udo Dirkschneider";https://www.metal-archives.com/images/2/1/5/2/21529_artist.jpg?3226;Hombre;6;4;1952;;;;Alemania;"Wuppertal, North Rhine-Westphalia";0
"Uli Kusch";https://www.metal-archives.com/images/2/3/9/8/2398_artist.jpg?5524;Hombre;11;3;1967;;;;Alemania;"Aachen, North Rhine-Westphalia";0
"Veijo Laine";;Hombre;;;;;;;Finlandia;;0
Ventor;https://www.metal-archives.com/images/3/7/7/3/3773_artist.jpg?3103;Hombre;29;6;1966;;;;Alemania;"Gelsenkirchen, North Rhine-Westphalia";0
"Vic Maile";;Hombre;;;1943;11;7;1989;"Reino Unido";;0
"Vince Neil";https://www.metal-archives.com/images/7/9/8/4/7984_artist.jpg?0459;Hombre;8;2;1961;;;;"Estados Unidos";"Hollywood, Los Angeles, California";0
"Vincent Wojno";https://www.metal-archives.com/images/1/3/5/0/135093_artist.jpg?2815;Hombre;;;1964;;;;"Estados Unidos";;0
"Vinnie Paul";https://www.metal-archives.com/images/5/7/5/0/5750_artist.jpg?0131;Hombre;11;3;1964;22;6;2018;"Estados Unidos";"Abilene, Texas";0
"Vinny Appice";https://www.metal-archives.com/images/7/3/2/6/7326_artist.jpg?0802;Hombre;13;9;1957;;;;"Estados Unidos";"Brooklyn, New York City, New York";0
"Vivian Campbell";https://www.metal-archives.com/images/3/5/6/5/3565_artist.jpg?1600;Hombre;25;8;1962;;;;"Reino Unido";"Belfast, County Antrim, Northern Ireland";0
Vvornth;https://www.metal-archives.com/images/7/4/5/745_artist.jpg?1349;Hombre;;;;;;;Suecia;;0
"Will Malone";https://www.metal-archives.com/images/4/2/0/3/4203_artist.jpg?4430;Hombre;;;1952;;;;"Reino Unido";England;0
"Will Reid-Dick";;Hombre;;;;;;;"Reino Unido";;0
"Wojtek Wies?awski";;Hombre;;;;;;;Polonia;;0
"Wolf Hoffmann";https://www.metal-archives.com/images/2/1/6/4/21647_artist.jpg?1336;Hombre;10;12;1959;;;;Alemania;"Mainz, Rhineland-Palatinate";0
Würzel;https://www.metal-archives.com/images/2/3/3/3/2333_artist.jpg?3923;Hombre;23;10;1949;9;7;2011;"Reino Unido";"Cheltenham, South West England";0
"Zacky Vengeance";https://upload.wikimedia.org/wikipedia/commons/0/05/Avenged_Sevenfold-Rock_im_Park_2014_by_2eight_3SC7636.jpg;Hombre;11;12;1981;;;;"Estados Unidos";"Huntington Beach, California";0
"Zakk Wylde";https://www.metal-archives.com/images/1/5/0/7/15078_artist.jpg?0335;Hombre;14;1;1967;;;;"Estados Unidos";"Bayonne, New Jersey";0
